from_node,to_node,distance_km,U_food,U_water,origin_tier,origin_sea_rating,dest_sea_rating,vessel_type,n_assets
1,2,386.3,16668000,600300.0,PPL-1,3,3,TAKR,2
1,3,858.6,16668000,600300.0,PPL-1,3,3,TAKR,2
1,4,872.3,16668000,600300.0,PPL-1,3,3,TAKR,2
1,5,250.1,16668000,600300.0,PPL-1,3,3,TAKR,2
1,24,3156.2,16668000,600300.0,PPL-1,3,3,TAKR,2
1,27,2968.7,16668000,600300.0,PPL-1,3,3,TAKR,2
1,39,3788.3,16668000,600300.0,PPL-1,3,3,TAKR,2
1,45,2082.0,16668000,600300.0,PPL-1,3,3,TAKR,2
1,46,960.5,16668000,600300.0,PPL-1,3,3,TAKR,2
1,47,2491.3,16668000,600300.0,PPL-1,3,3,TAKR,2
2,1,386.3,2778000,100050.0,PPL-2,3,3,TAKE,1
2,3,1058.0,2778000,100050.0,PPL-2,3,3,TAKE,1
2,4,486.0,2778000,100050.0,PPL-2,3,3,TAKE,1
2,5,139.2,2778000,100050.0,PPL-2,3,3,TAKE,1
2,24,3030.6,2778000,100050.0,PPL-2,3,3,TAKE,1
2,27,2661.4,2778000,100050.0,PPL-2,3,3,TAKE,1
2,39,3416.7,2778000,100050.0,PPL-2,3,3,TAKE,1
2,45,1717.3,2778000,100050.0,PPL-2,3,3,TAKE,1
2,46,589.5,2778000,100050.0,PPL-2,3,3,TAKE,1
2,47,2533.0,2778000,100050.0,PPL-2,3,3,TAKE,1
3,1,858.6,2778000,100050.0,PPL-2,3,3,TAKE,1
3,2,1058.0,2778000,100050.0,PPL-2,3,3,TAKE,1
3,4,1419.7,2778000,100050.0,PPL-2,3,3,TAKE,1
3,5,955.3,2778000,100050.0,PPL-2,3,3,TAKE,1
3,24,4014.6,2778000,100050.0,PPL-2,3,3,TAKE,1
3,27,3707.8,2778000,100050.0,PPL-2,3,3,TAKE,1
3,39,4339.6,2778000,100050.0,PPL-2,3,3,TAKE,1
3,45,2694.8,2778000,100050.0,PPL-2,3,3,TAKE,1
3,46,1373.4,2778000,100050.0,PPL-2,3,3,TAKE,1
3,47,3299.3,2778000,100050.0,PPL-2,3,3,TAKE,1
4,1,872.3,2778000,100050.0,PPL-2,3,3,TAKE,1
4,2,486.0,2778000,100050.0,PPL-2,3,3,TAKE,1
4,3,1419.7,2778000,100050.0,PPL-2,3,3,TAKE,1
4,5,623.6,2778000,100050.0,PPL-2,3,3,TAKE,1
4,24,2936.5,2778000,100050.0,PPL-2,3,3,TAKE,1
4,27,2309.4,2778000,100050.0,PPL-2,3,3,TAKE,1
4,39,2955.3,2778000,100050.0,PPL-2,3,3,TAKE,1
4,45,1278.1,2778000,100050.0,PPL-2,3,3,TAKE,1
4,46,214.4,2778000,100050.0,PPL-2,3,3,TAKE,1
4,47,2665.0,2778000,100050.0,PPL-2,3,3,TAKE,1
5,1,250.1,2778000,100050.0,PPL-2,3,3,TAKE,1
5,2,139.2,2778000,100050.0,PPL-2,3,3,TAKE,1
5,3,955.3,2778000,100050.0,PPL-2,3,3,TAKE,1
5,4,623.6,2778000,100050.0,PPL-2,3,3,TAKE,1
5,24,3092.8,2778000,100050.0,PPL-2,3,3,TAKE,1
5,27,2782.9,2778000,100050.0,PPL-2,3,3,TAKE,1
5,39,3555.0,2778000,100050.0,PPL-2,3,3,TAKE,1
5,45,1854.0,2778000,100050.0,PPL-2,3,3,TAKE,1
5,46,713.1,2778000,100050.0,PPL-2,3,3,TAKE,1
5,47,2535.0,2778000,100050.0,PPL-2,3,3,TAKE,1
6,7,713.9,2778000,100050.0,PPL-2,3,3,TAKE,1
6,8,730.4,2778000,100050.0,PPL-2,3,3,TAKE,1
6,9,3297.5,2778000,100050.0,PPL-2,3,3,TAKE,1
6,10,1164.5,2778000,100050.0,PPL-2,3,3,TAKE,1
6,11,3143.6,2778000,100050.0,PPL-2,3,3,TAKE,1
6,17,3218.9,2778000,100050.0,PPL-2,3,3,TAKE,1
6,18,4339.7,2778000,100050.0,PPL-2,3,3,TAKE,1
6,19,3584.8,2778000,100050.0,PPL-2,3,3,TAKE,1
6,23,4036.6,2778000,100050.0,PPL-2,3,3,TAKE,1
7,6,713.9,2778000,100050.0,PPL-2,3,3,TAKE,1
7,8,1372.7,2778000,100050.0,PPL-2,3,3,TAKE,1
7,9,2726.9,2778000,100050.0,PPL-2,3,3,TAKE,1
7,10,654.4,2778000,100050.0,PPL-2,3,3,TAKE,1
7,11,3139.5,2778000,100050.0,PPL-2,3,3,TAKE,1
7,17,3915.7,2778000,100050.0,PPL-2,3,3,TAKE,1
7,19,4240.5,2778000,100050.0,PPL-2,3,3,TAKE,1
8,6,730.4,2778000,100050.0,PPL-2,3,3,TAKE,1
8,7,1372.7,2778000,100050.0,PPL-2,3,3,TAKE,1
8,9,3612.7,2778000,100050.0,PPL-2,3,3,TAKE,1
8,10,1601.7,2778000,100050.0,PPL-2,3,3,TAKE,1
8,11,2845.8,2778000,100050.0,PPL-2,3,3,TAKE,1
8,17,2799.4,2778000,100050.0,PPL-2,3,3,TAKE,1
8,18,3949.1,2778000,100050.0,PPL-2,3,3,TAKE,1
8,19,3290.7,2778000,100050.0,PPL-2,3,3,TAKE,1
8,20,4306.6,2778000,100050.0,PPL-2,3,3,TAKE,1
8,23,3328.5,2778000,100050.0,PPL-2,3,3,TAKE,1
8,24,4338.9,2778000,100050.0,PPL-2,3,3,TAKE,1
9,6,3297.5,2778000,100050.0,PPL-2,3,3,TAKE,1
9,7,2726.9,2778000,100050.0,PPL-2,3,3,TAKE,1
9,8,3612.7,2778000,100050.0,PPL-2,3,3,TAKE,1
9,10,2135.4,2778000,100050.0,PPL-2,3,3,TAKE,1
9,11,2647.2,2778000,100050.0,PPL-2,3,3,TAKE,1
9,29,3000.1,2778000,100050.0,PPL-2,3,3,TAKE,1
9,38,3898.6,2778000,100050.0,PPL-2,3,3,TAKE,1
10,6,1164.5,2778000,100050.0,PPL-2,3,3,TAKE,1
10,7,654.4,2778000,100050.0,PPL-2,3,3,TAKE,1
10,8,1601.7,2778000,100050.0,PPL-2,3,3,TAKE,1
10,9,2135.4,2778000,100050.0,PPL-2,3,3,TAKE,1
10,11,2608.5,2778000,100050.0,PPL-2,3,3,TAKE,1
10,17,4346.7,2778000,100050.0,PPL-2,3,3,TAKE,1
11,6,3143.6,2778000,100050.0,PPL-2,3,3,TAKE,1
11,7,3139.5,2778000,100050.0,PPL-2,3,3,TAKE,1
11,8,2845.8,2778000,100050.0,PPL-2,3,3,TAKE,1
11,9,2647.2,2778000,100050.0,PPL-2,3,3,TAKE,1
11,10,2608.5,2778000,100050.0,PPL-2,3,3,TAKE,1
11,23,4194.2,2778000,100050.0,PPL-2,3,3,TAKE,1
11,24,2226.8,2778000,100050.0,PPL-2,3,3,TAKE,1
11,27,3183.6,2778000,100050.0,PPL-2,3,3,TAKE,1
11,29,2723.9,2778000,100050.0,PPL-2,3,3,TAKE,1
11,38,3354.8,2778000,100050.0,PPL-2,3,3,TAKE,1
11,39,4020.4,2778000,100050.0,PPL-2,3,3,TAKE,1
11,45,4268.7,2778000,100050.0,PPL-2,3,3,TAKE,1
11,47,3252.6,2778000,100050.0,PPL-2,3,3,TAKE,1
17,6,3218.9,0,0.0,None,3,3,none,0
17,7,3915.7,0,0.0,None,3,3,none,0
17,8,2799.4,0,0.0,None,3,3,none,0
17,10,4346.7,0,0.0,None,3,3,none,0
17,18,1151.1,0,0.0,None,3,3,none,0
17,19,744.3,0,0.0,None,3,3,none,0
17,20,2899.8,0,0.0,None,3,3,none,0
17,23,2318.5,0,0.0,None,3,3,none,0
18,6,4339.7,0,0.0,None,3,3,none,0
18,8,3949.1,0,0.0,None,3,3,none,0
18,17,1151.1,0,0.0,None,3,3,none,0
18,19,887.1,0,0.0,None,3,3,none,0
18,20,2973.5,0,0.0,None,3,3,none,0
18,23,2770.0,0,0.0,None,3,3,none,0
18,42,4173.7,0,0.0,None,3,3,none,0
19,6,3584.8,0,0.0,None,3,3,none,0
19,7,4240.5,0,0.0,None,3,3,none,0
19,8,3290.7,0,0.0,None,3,3,none,0
19,17,744.3,0,0.0,None,3,3,none,0
19,18,887.1,0,0.0,None,3,3,none,0
19,20,3453.0,0,0.0,None,3,3,none,0
19,23,2993.7,0,0.0,None,3,3,none,0
20,8,4306.6,0,0.0,PPL-3,3,3,none,0
20,17,2899.8,0,0.0,PPL-3,3,3,none,0
20,18,2973.5,0,0.0,PPL-3,3,3,none,0
20,19,3453.0,0,0.0,PPL-3,3,3,none,0
20,23,980.8,0,0.0,PPL-3,3,3,none,0
20,24,4072.7,0,0.0,PPL-3,3,3,none,0
20,42,3662.6,0,0.0,PPL-3,3,3,none,0
20,47,2991.5,0,0.0,PPL-3,3,3,none,0
23,6,4036.6,0,0.0,None,3,3,none,0
23,8,3328.5,0,0.0,None,3,3,none,0
23,11,4194.2,0,0.0,None,3,3,none,0
23,17,2318.5,0,0.0,None,3,3,none,0
23,18,2770.0,0,0.0,None,3,3,none,0
23,19,2993.7,0,0.0,None,3,3,none,0
23,20,980.8,0,0.0,None,3,3,none,0
23,24,3706.2,0,0.0,None,3,3,none,0
23,47,2890.4,0,0.0,None,3,3,none,0
24,1,3156.2,0,0.0,PPL-3,3,3,none,0
24,2,3030.6,0,0.0,PPL-3,3,3,none,0
24,3,4014.6,0,0.0,PPL-3,3,3,none,0
24,4,2936.5,0,0.0,PPL-3,3,3,none,0
24,5,3092.8,0,0.0,PPL-3,3,3,none,0
24,8,4338.9,0,0.0,PPL-3,3,3,none,0
24,11,2226.8,0,0.0,PPL-3,3,3,none,0
24,20,4072.7,0,0.0,PPL-3,3,3,none,0
24,23,3706.2,0,0.0,PPL-3,3,3,none,0
24,27,1678.2,0,0.0,PPL-3,3,3,none,0
24,29,3415.2,0,0.0,PPL-3,3,3,none,0
24,38,3465.4,0,0.0,PPL-3,3,3,none,0
24,39,3018.7,0,0.0,PPL-3,3,3,none,0
24,45,2391.8,0,0.0,PPL-3,3,3,none,0
24,46,3131.8,0,0.0,PPL-3,3,3,none,0
24,47,1315.2,0,0.0,PPL-3,3,3,none,0
27,1,2968.7,2778000,100050.0,PPL-2,3,3,TAKE,1
27,2,2661.4,2778000,100050.0,PPL-2,3,3,TAKE,1
27,3,3707.8,2778000,100050.0,PPL-2,3,3,TAKE,1
27,4,2309.4,2778000,100050.0,PPL-2,3,3,TAKE,1
27,5,2782.9,2778000,100050.0,PPL-2,3,3,TAKE,1
27,11,3183.6,2778000,100050.0,PPL-2,3,3,TAKE,1
27,24,1678.2,2778000,100050.0,PPL-2,3,3,TAKE,1
27,29,2779.5,2778000,100050.0,PPL-2,3,3,TAKE,1
27,38,2388.6,2778000,100050.0,PPL-2,3,3,TAKE,1
27,39,1381.4,2778000,100050.0,PPL-2,3,3,TAKE,1
27,45,1157.8,2778000,100050.0,PPL-2,3,3,TAKE,1
27,46,2420.7,2778000,100050.0,PPL-2,3,3,TAKE,1
27,47,2574.5,2778000,100050.0,PPL-2,3,3,TAKE,1
29,9,3000.1,0,0.0,None,3,3,none,0
29,11,2723.9,0,0.0,None,3,3,none,0
29,24,3415.2,0,0.0,None,3,3,none,0
29,27,2779.5,0,0.0,None,3,3,none,0
29,38,901.2,0,0.0,None,3,3,none,0
29,39,2466.8,0,0.0,None,3,3,none,0
29,45,3806.4,0,0.0,None,3,3,none,0
38,9,3898.6,2778000,100050.0,PPL-2,3,3,TAKE,1
38,11,3354.8,2778000,100050.0,PPL-2,3,3,TAKE,1
38,24,3465.4,2778000,100050.0,PPL-2,3,3,TAKE,1
38,27,2388.6,2778000,100050.0,PPL-2,3,3,TAKE,1
38,29,901.2,2778000,100050.0,PPL-2,3,3,TAKE,1
38,39,1695.8,2778000,100050.0,PPL-2,3,3,TAKE,1
38,45,3240.8,2778000,100050.0,PPL-2,3,3,TAKE,1
39,1,3788.3,0,0.0,None,3,3,none,0
39,2,3416.7,0,0.0,None,3,3,none,0
39,3,4339.6,0,0.0,None,3,3,none,0
39,4,2955.3,0,0.0,None,3,3,none,0
39,5,3555.0,0,0.0,None,3,3,none,0
39,11,4020.4,0,0.0,None,3,3,none,0
39,24,3018.7,0,0.0,None,3,3,none,0
39,27,1381.4,0,0.0,None,3,3,none,0
39,29,2466.8,0,0.0,None,3,3,none,0
39,38,1695.8,0,0.0,None,3,3,none,0
39,45,1709.8,0,0.0,None,3,3,none,0
39,46,2967.6,0,0.0,None,3,3,none,0
39,47,3945.6,0,0.0,None,3,3,none,0
42,18,4173.7,16668000,600300.0,PPL-1,3,3,TAKR,2
42,20,3662.6,16668000,600300.0,PPL-1,3,3,TAKR,2
45,1,2082.0,0,0.0,None,3,3,none,0
45,2,1717.3,0,0.0,None,3,3,none,0
45,3,2694.8,0,0.0,None,3,3,none,0
45,4,1278.1,0,0.0,None,3,3,none,0
45,5,1854.0,0,0.0,None,3,3,none,0
45,11,4268.7,0,0.0,None,3,3,none,0
45,24,2391.8,0,0.0,None,3,3,none,0
45,27,1157.8,0,0.0,None,3,3,none,0
45,29,3806.4,0,0.0,None,3,3,none,0
45,38,3240.8,0,0.0,None,3,3,none,0
45,39,1709.8,0,0.0,None,3,3,none,0
45,46,1336.5,0,0.0,None,3,3,none,0
45,47,2752.0,0,0.0,None,3,3,none,0
46,1,960.5,16668000,600300.0,PPL-1,3,3,TAKR,2
46,2,589.5,16668000,600300.0,PPL-1,3,3,TAKR,2
46,3,1373.4,16668000,600300.0,PPL-1,3,3,TAKR,2
46,4,214.4,16668000,600300.0,PPL-1,3,3,TAKR,2
46,5,713.1,16668000,600300.0,PPL-1,3,3,TAKR,2
46,24,3131.8,16668000,600300.0,PPL-1,3,3,TAKR,2
46,27,2420.7,16668000,600300.0,PPL-1,3,3,TAKR,2
46,39,2967.6,16668000,600300.0,PPL-1,3,3,TAKR,2
46,45,1336.5,16668000,600300.0,PPL-1,3,3,TAKR,2
46,47,2879.2,16668000,600300.0,PPL-1,3,3,TAKR,2
47,1,2491.3,16668000,600300.0,PPL-1,3,3,TAKR,2
47,2,2533.0,16668000,600300.0,PPL-1,3,3,TAKR,2
47,3,3299.3,16668000,600300.0,PPL-1,3,3,TAKR,2
47,4,2665.0,16668000,600300.0,PPL-1,3,3,TAKR,2
47,5,2535.0,16668000,600300.0,PPL-1,3,3,TAKR,2
47,11,3252.6,16668000,600300.0,PPL-1,3,3,TAKR,2
47,20,2991.5,16668000,600300.0,PPL-1,3,3,TAKR,2
47,23,2890.4,16668000,600300.0,PPL-1,3,3,TAKR,2
47,24,1315.2,16668000,600300.0,PPL-1,3,3,TAKR,2
47,27,2574.5,16668000,600300.0,PPL-1,3,3,TAKR,2
47,39,3945.6,16668000,600300.0,PPL-1,3,3,TAKR,2
47,45,2752.0,16668000,600300.0,PPL-1,3,3,TAKR,2
47,46,2879.2,16668000,600300.0,PPL-1,3,3,TAKR,2
