from_node,to_node,distance_km,U_food,U_water,origin_tier,origin_air_rating,dest_air_rating,aircraft_type,n_assets,n_sorties_per_window
1,2,386.3,1140832,41087.200000000004,PPL-1,3,3,C17,4,2
1,3,858.6,1140832,41087.200000000004,PPL-1,3,3,C17,4,2
1,4,872.3,1140832,41087.200000000004,PPL-1,3,3,C17,4,2
1,5,250.1,1140832,41087.200000000004,PPL-1,3,3,C17,4,2
1,11,5382.6,1140832,41087.200000000004,PPL-1,3,3,C17,4,2
1,15,5031.1,1140832,41087.200000000004,PPL-1,3,3,C17,4,2
1,16,5410.3,1140832,41087.200000000004,PPL-1,3,2,C17,4,2
1,20,4507.6,1140832,41087.200000000004,PPL-1,3,2,C17,4,2
1,21,5116.0,1140832,41087.200000000004,PPL-1,3,2,C17,4,2
1,22,3682.6,1140832,41087.200000000004,PPL-1,3,2,C17,4,2
1,23,4888.5,1140832,41087.200000000004,PPL-1,3,2,C17,4,2
1,24,3156.2,1140832,41087.200000000004,PPL-1,3,2,C17,4,2
1,25,4211.8,1140832,41087.200000000004,PPL-1,3,3,C17,4,2
1,26,3447.9,1140832,41087.200000000004,PPL-1,3,3,C17,4,2
1,27,2968.7,1140832,41087.200000000004,PPL-1,3,3,C17,4,2
1,28,3207.9,1140832,41087.200000000004,PPL-1,3,3,C17,4,2
1,29,5748.2,1140832,41087.200000000004,PPL-1,3,3,C17,4,2
1,30,5515.7,1140832,41087.200000000004,PPL-1,3,3,C17,4,2
1,31,4226.6,1140832,41087.200000000004,PPL-1,3,3,C17,4,2
1,32,4057.9,1140832,41087.200000000004,PPL-1,3,3,C17,4,2
1,33,4820.7,1140832,41087.200000000004,PPL-1,3,3,C17,4,2
1,34,4305.8,1140832,41087.200000000004,PPL-1,3,3,C17,4,2
1,35,3657.5,1140832,41087.200000000004,PPL-1,3,3,C17,4,2
1,36,4125.6,1140832,41087.200000000004,PPL-1,3,3,C17,4,2
1,37,4383.8,1140832,41087.200000000004,PPL-1,3,3,C17,4,2
1,38,5286.6,1140832,41087.200000000004,PPL-1,3,3,C17,4,2
1,39,3788.3,1140832,41087.200000000004,PPL-1,3,3,C17,4,2
1,40,4965.5,1140832,41087.200000000004,PPL-1,3,3,C17,4,2
1,41,5492.0,1140832,41087.200000000004,PPL-1,3,3,C17,4,2
1,43,4589.3,1140832,41087.200000000004,PPL-1,3,3,C17,4,2
1,44,4757.3,1140832,41087.200000000004,PPL-1,3,3,C17,4,2
1,45,2082.0,1140832,41087.200000000004,PPL-1,3,3,C17,4,2
1,46,960.5,1140832,41087.200000000004,PPL-1,3,3,C17,4,2
1,47,2491.3,1140832,41087.200000000004,PPL-1,3,3,C17,4,2
2,1,386.3,570416,20543.600000000002,PPL-2,3,3,C17,2,2
2,3,1058.0,570416,20543.600000000002,PPL-2,3,3,C17,2,2
2,4,486.0,570416,20543.600000000002,PPL-2,3,3,C17,2,2
2,5,139.2,570416,20543.600000000002,PPL-2,3,3,C17,2,2
2,11,5242.1,570416,20543.600000000002,PPL-2,3,3,C17,2,2
2,15,5037.8,570416,20543.600000000002,PPL-2,3,3,C17,2,2
2,16,5526.5,570416,20543.600000000002,PPL-2,3,2,C17,2,2
2,20,4774.4,570416,20543.600000000002,PPL-2,3,2,C17,2,2
2,21,5364.0,570416,20543.600000000002,PPL-2,3,2,C17,2,2
2,22,3854.4,570416,20543.600000000002,PPL-2,3,2,C17,2,2
2,23,5091.1,570416,20543.600000000002,PPL-2,3,2,C17,2,2
2,24,3030.6,570416,20543.600000000002,PPL-2,3,2,C17,2,2
2,25,4162.4,570416,20543.600000000002,PPL-2,3,3,C17,2,2
2,26,3215.0,570416,20543.600000000002,PPL-2,3,3,C17,2,2
2,27,2661.4,570416,20543.600000000002,PPL-2,3,3,C17,2,2
2,28,2946.9,570416,20543.600000000002,PPL-2,3,3,C17,2,2
2,29,5436.4,570416,20543.600000000002,PPL-2,3,3,C17,2,2
2,30,5254.0,570416,20543.600000000002,PPL-2,3,3,C17,2,2
2,31,3920.4,570416,20543.600000000002,PPL-2,3,3,C17,2,2
2,32,3754.5,570416,20543.600000000002,PPL-2,3,3,C17,2,2
2,33,4501.9,570416,20543.600000000002,PPL-2,3,3,C17,2,2
2,34,3944.3,570416,20543.600000000002,PPL-2,3,3,C17,2,2
2,35,3273.2,570416,20543.600000000002,PPL-2,3,3,C17,2,2
2,36,3742.4,570416,20543.600000000002,PPL-2,3,3,C17,2,2
2,37,4016.1,570416,20543.600000000002,PPL-2,3,3,C17,2,2
2,38,4942.3,570416,20543.600000000002,PPL-2,3,3,C17,2,2
2,39,3416.7,570416,20543.600000000002,PPL-2,3,3,C17,2,2
2,40,4721.3,570416,20543.600000000002,PPL-2,3,3,C17,2,2
2,41,5128.3,570416,20543.600000000002,PPL-2,3,3,C17,2,2
2,43,4209.6,570416,20543.600000000002,PPL-2,3,3,C17,2,2
2,44,4371.5,570416,20543.600000000002,PPL-2,3,3,C17,2,2
2,45,1717.3,570416,20543.600000000002,PPL-2,3,3,C17,2,2
2,46,589.5,570416,20543.600000000002,PPL-2,3,3,C17,2,2
2,47,2533.0,570416,20543.600000000002,PPL-2,3,3,C17,2,2
3,1,858.6,570416,20543.600000000002,PPL-2,3,3,C17,2,2
3,2,1058.0,570416,20543.600000000002,PPL-2,3,3,C17,2,2
3,4,1419.7,570416,20543.600000000002,PPL-2,3,3,C17,2,2
3,5,955.3,570416,20543.600000000002,PPL-2,3,3,C17,2,2
3,15,5844.0,570416,20543.600000000002,PPL-2,3,3,C17,2,2
3,20,4947.7,570416,20543.600000000002,PPL-2,3,2,C17,2,2
3,21,5591.5,570416,20543.600000000002,PPL-2,3,2,C17,2,2
3,22,4330.3,570416,20543.600000000002,PPL-2,3,2,C17,2,2
3,23,5463.5,570416,20543.600000000002,PPL-2,3,2,C17,2,2
3,24,4014.6,570416,20543.600000000002,PPL-2,3,2,C17,2,2
3,25,5056.6,570416,20543.600000000002,PPL-2,3,3,C17,2,2
3,26,4268.7,570416,20543.600000000002,PPL-2,3,3,C17,2,2
3,27,3707.8,570416,20543.600000000002,PPL-2,3,3,C17,2,2
3,28,4004.9,570416,20543.600000000002,PPL-2,3,3,C17,2,2
3,31,4963.9,570416,20543.600000000002,PPL-2,3,3,C17,2,2
3,32,4800.3,570416,20543.600000000002,PPL-2,3,3,C17,2,2
3,33,5533.2,570416,20543.600000000002,PPL-2,3,3,C17,2,2
3,34,4900.0,570416,20543.600000000002,PPL-2,3,3,C17,2,2
3,35,4100.6,570416,20543.600000000002,PPL-2,3,3,C17,2,2
3,36,4577.1,570416,20543.600000000002,PPL-2,3,3,C17,2,2
3,37,4949.1,570416,20543.600000000002,PPL-2,3,3,C17,2,2
3,38,5935.0,570416,20543.600000000002,PPL-2,3,3,C17,2,2
3,39,4339.6,570416,20543.600000000002,PPL-2,3,3,C17,2,2
3,40,5778.4,570416,20543.600000000002,PPL-2,3,3,C17,2,2
3,43,5074.1,570416,20543.600000000002,PPL-2,3,3,C17,2,2
3,44,5148.1,570416,20543.600000000002,PPL-2,3,3,C17,2,2
3,45,2694.8,570416,20543.600000000002,PPL-2,3,3,C17,2,2
3,46,1373.4,570416,20543.600000000002,PPL-2,3,3,C17,2,2
3,47,3299.3,570416,20543.600000000002,PPL-2,3,3,C17,2,2
4,1,872.3,570416,20543.600000000002,PPL-2,3,3,C17,2,2
4,2,486.0,570416,20543.600000000002,PPL-2,3,3,C17,2,2
4,3,1419.7,570416,20543.600000000002,PPL-2,3,3,C17,2,2
4,5,623.6,570416,20543.600000000002,PPL-2,3,3,C17,2,2
4,11,5096.8,570416,20543.600000000002,PPL-2,3,3,C17,2,2
4,15,5083.0,570416,20543.600000000002,PPL-2,3,3,C17,2,2
4,16,5701.5,570416,20543.600000000002,PPL-2,3,2,C17,2,2
4,20,5130.4,570416,20543.600000000002,PPL-2,3,2,C17,2,2
4,21,5695.7,570416,20543.600000000002,PPL-2,3,2,C17,2,2
4,22,4110.5,570416,20543.600000000002,PPL-2,3,2,C17,2,2
4,23,5371.9,570416,20543.600000000002,PPL-2,3,2,C17,2,2
4,24,2936.5,570416,20543.600000000002,PPL-2,3,2,C17,2,2
4,25,4147.5,570416,20543.600000000002,PPL-2,3,3,C17,2,2
4,26,2967.2,570416,20543.600000000002,PPL-2,3,3,C17,2,2
4,27,2309.4,570416,20543.600000000002,PPL-2,3,3,C17,2,2
4,28,2662.1,570416,20543.600000000002,PPL-2,3,3,C17,2,2
4,29,5057.5,570416,20543.600000000002,PPL-2,3,3,C17,2,2
4,30,4945.4,570416,20543.600000000002,PPL-2,3,3,C17,2,2
4,31,3557.0,570416,20543.600000000002,PPL-2,3,3,C17,2,2
4,32,3396.6,570416,20543.600000000002,PPL-2,3,3,C17,2,2
4,33,4116.6,570416,20543.600000000002,PPL-2,3,3,C17,2,2
4,34,3497.6,570416,20543.600000000002,PPL-2,3,3,C17,2,2
4,35,2790.9,570416,20543.600000000002,PPL-2,3,3,C17,2,2
4,36,3261.7,570416,20543.600000000002,PPL-2,3,3,C17,2,2
4,37,3559.7,570416,20543.600000000002,PPL-2,3,3,C17,2,2
4,38,4518.6,570416,20543.600000000002,PPL-2,3,3,C17,2,2
4,39,2955.3,570416,20543.600000000002,PPL-2,3,3,C17,2,2
4,40,4440.6,570416,20543.600000000002,PPL-2,3,3,C17,2,2
4,41,4675.9,570416,20543.600000000002,PPL-2,3,3,C17,2,2
4,43,3734.4,570416,20543.600000000002,PPL-2,3,3,C17,2,2
4,44,3886.5,570416,20543.600000000002,PPL-2,3,3,C17,2,2
4,45,1278.1,570416,20543.600000000002,PPL-2,3,3,C17,2,2
4,46,214.4,570416,20543.600000000002,PPL-2,3,3,C17,2,2
4,47,2665.0,570416,20543.600000000002,PPL-2,3,3,C17,2,2
5,1,250.1,570416,20543.600000000002,PPL-2,3,3,C17,2,2
5,2,139.2,570416,20543.600000000002,PPL-2,3,3,C17,2,2
5,3,955.3,570416,20543.600000000002,PPL-2,3,3,C17,2,2
5,4,623.6,570416,20543.600000000002,PPL-2,3,3,C17,2,2
5,11,5311.7,570416,20543.600000000002,PPL-2,3,3,C17,2,2
5,15,5056.1,570416,20543.600000000002,PPL-2,3,3,C17,2,2
5,16,5505.3,570416,20543.600000000002,PPL-2,3,2,C17,2,2
5,20,4694.8,570416,20543.600000000002,PPL-2,3,2,C17,2,2
5,21,5292.3,570416,20543.600000000002,PPL-2,3,2,C17,2,2
5,22,3810.9,570416,20543.600000000002,PPL-2,3,2,C17,2,2
5,23,5037.0,570416,20543.600000000002,PPL-2,3,2,C17,2,2
5,24,3092.8,570416,20543.600000000002,PPL-2,3,2,C17,2,2
5,25,4199.7,570416,20543.600000000002,PPL-2,3,3,C17,2,2
5,26,3313.6,570416,20543.600000000002,PPL-2,3,3,C17,2,2
5,27,2782.9,570416,20543.600000000002,PPL-2,3,3,C17,2,2
5,28,3054.3,570416,20543.600000000002,PPL-2,3,3,C17,2,2
5,29,5560.3,570416,20543.600000000002,PPL-2,3,3,C17,2,2
5,30,5363.0,570416,20543.600000000002,PPL-2,3,3,C17,2,2
5,31,4042.2,570416,20543.600000000002,PPL-2,3,3,C17,2,2
5,32,3875.5,570416,20543.600000000002,PPL-2,3,3,C17,2,2
5,33,4627.5,570416,20543.600000000002,PPL-2,3,3,C17,2,2
5,34,4080.7,570416,20543.600000000002,PPL-2,3,3,C17,2,2
5,35,3412.2,570416,20543.600000000002,PPL-2,3,3,C17,2,2
5,36,3881.5,570416,20543.600000000002,PPL-2,3,3,C17,2,2
5,37,4153.7,570416,20543.600000000002,PPL-2,3,3,C17,2,2
5,38,5074.8,570416,20543.600000000002,PPL-2,3,3,C17,2,2
5,39,3555.0,570416,20543.600000000002,PPL-2,3,3,C17,2,2
5,40,4824.6,570416,20543.600000000002,PPL-2,3,3,C17,2,2
5,41,5265.2,570416,20543.600000000002,PPL-2,3,3,C17,2,2
5,43,4348.8,570416,20543.600000000002,PPL-2,3,3,C17,2,2
5,44,4509.9,570416,20543.600000000002,PPL-2,3,3,C17,2,2
5,45,1854.0,570416,20543.600000000002,PPL-2,3,3,C17,2,2
5,46,713.1,570416,20543.600000000002,PPL-2,3,3,C17,2,2
5,47,2535.0,570416,20543.600000000002,PPL-2,3,3,C17,2,2
6,7,713.9,570416,20543.600000000002,PPL-2,3,3,C17,2,2
6,8,730.4,570416,20543.600000000002,PPL-2,3,3,C17,2,2
6,9,3297.5,570416,20543.600000000002,PPL-2,3,3,C17,2,2
6,10,1164.5,570416,20543.600000000002,PPL-2,3,3,C17,2,2
6,11,3143.6,570416,20543.600000000002,PPL-2,3,3,C17,2,2
6,12,2229.7,570416,20543.600000000002,PPL-2,3,2,C17,2,2
6,13,2160.5,570416,20543.600000000002,PPL-2,3,3,C17,2,2
6,14,1969.8,570416,20543.600000000002,PPL-2,3,3,C17,2,2
6,15,2736.0,570416,20543.600000000002,PPL-2,3,3,C17,2,2
6,16,2853.0,570416,20543.600000000002,PPL-2,3,2,C17,2,2
6,17,3218.9,570416,20543.600000000002,PPL-2,3,3,C17,2,2
6,18,4339.7,570416,20543.600000000002,PPL-2,3,3,C17,2,2
6,19,3584.8,570416,20543.600000000002,PPL-2,3,3,C17,2,2
6,20,5010.0,570416,20543.600000000002,PPL-2,3,2,C17,2,2
6,21,4515.6,570416,20543.600000000002,PPL-2,3,2,C17,2,2
6,22,4573.2,570416,20543.600000000002,PPL-2,3,2,C17,2,2
6,23,4036.6,570416,20543.600000000002,PPL-2,3,2,C17,2,2
6,24,4890.9,570416,20543.600000000002,PPL-2,3,2,C17,2,2
6,25,3631.9,570416,20543.600000000002,PPL-2,3,3,C17,2,2
6,26,5294.6,570416,20543.600000000002,PPL-2,3,3,C17,2,2
6,28,5680.5,570416,20543.600000000002,PPL-2,3,3,C17,2,2
6,29,5494.7,570416,20543.600000000002,PPL-2,3,3,C17,2,2
6,30,4620.4,570416,20543.600000000002,PPL-2,3,3,C17,2,2
6,31,5740.9,570416,20543.600000000002,PPL-2,3,3,C17,2,2
6,32,5756.7,570416,20543.600000000002,PPL-2,3,3,C17,2,2
6,33,5797.6,570416,20543.600000000002,PPL-2,3,3,C17,2,2
6,40,4569.4,570416,20543.600000000002,PPL-2,3,3,C17,2,2
6,47,5280.0,570416,20543.600000000002,PPL-2,3,3,C17,2,2
7,6,713.9,570416,20543.600000000002,PPL-2,3,3,C17,2,2
7,8,1372.7,570416,20543.600000000002,PPL-2,3,3,C17,2,2
7,9,2726.9,570416,20543.600000000002,PPL-2,3,3,C17,2,2
7,10,654.4,570416,20543.600000000002,PPL-2,3,3,C17,2,2
7,11,3139.5,570416,20543.600000000002,PPL-2,3,3,C17,2,2
7,12,2578.4,570416,20543.600000000002,PPL-2,3,2,C17,2,2
7,13,2632.0,570416,20543.600000000002,PPL-2,3,3,C17,2,2
7,14,2683.0,570416,20543.600000000002,PPL-2,3,3,C17,2,2
7,15,3150.3,570416,20543.600000000002,PPL-2,3,3,C17,2,2
7,16,3488.8,570416,20543.600000000002,PPL-2,3,2,C17,2,2
7,17,3915.7,570416,20543.600000000002,PPL-2,3,3,C17,2,2
7,18,5022.8,570416,20543.600000000002,PPL-2,3,3,C17,2,2
7,19,4240.5,570416,20543.600000000002,PPL-2,3,3,C17,2,2
7,20,5679.0,570416,20543.600000000002,PPL-2,3,2,C17,2,2
7,21,5206.2,570416,20543.600000000002,PPL-2,3,2,C17,2,2
7,22,5137.8,570416,20543.600000000002,PPL-2,3,2,C17,2,2
7,23,4700.2,570416,20543.600000000002,PPL-2,3,2,C17,2,2
7,24,5116.0,570416,20543.600000000002,PPL-2,3,2,C17,2,2
7,25,3924.8,570416,20543.600000000002,PPL-2,3,3,C17,2,2
7,26,5378.2,570416,20543.600000000002,PPL-2,3,3,C17,2,2
7,28,5762.7,570416,20543.600000000002,PPL-2,3,3,C17,2,2
7,29,5202.1,570416,20543.600000000002,PPL-2,3,3,C17,2,2
7,30,4397.9,570416,20543.600000000002,PPL-2,3,3,C17,2,2
7,31,5657.8,570416,20543.600000000002,PPL-2,3,3,C17,2,2
7,32,5698.0,570416,20543.600000000002,PPL-2,3,3,C17,2,2
7,33,5625.7,570416,20543.600000000002,PPL-2,3,3,C17,2,2
7,40,4448.5,570416,20543.600000000002,PPL-2,3,3,C17,2,2
7,47,5673.7,570416,20543.600000000002,PPL-2,3,3,C17,2,2
8,6,730.4,570416,20543.600000000002,PPL-2,3,3,C17,2,2
8,7,1372.7,570416,20543.600000000002,PPL-2,3,3,C17,2,2
8,9,3612.7,570416,20543.600000000002,PPL-2,3,3,C17,2,2
8,10,1601.7,570416,20543.600000000002,PPL-2,3,3,C17,2,2
8,11,2845.8,570416,20543.600000000002,PPL-2,3,3,C17,2,2
8,12,2507.8,570416,20543.600000000002,PPL-2,3,2,C17,2,2
8,13,2291.6,570416,20543.600000000002,PPL-2,3,3,C17,2,2
8,14,1473.1,570416,20543.600000000002,PPL-2,3,3,C17,2,2
8,15,2087.7,570416,20543.600000000002,PPL-2,3,3,C17,2,2
8,16,2128.3,570416,20543.600000000002,PPL-2,3,2,C17,2,2
8,17,2799.4,570416,20543.600000000002,PPL-2,3,3,C17,2,2
8,18,3949.1,570416,20543.600000000002,PPL-2,3,3,C17,2,2
8,19,3290.7,570416,20543.600000000002,PPL-2,3,3,C17,2,2
8,20,4306.6,570416,20543.600000000002,PPL-2,3,2,C17,2,2
8,21,3838.9,570416,20543.600000000002,PPL-2,3,2,C17,2,2
8,22,3844.6,570416,20543.600000000002,PPL-2,3,2,C17,2,2
8,23,3328.5,570416,20543.600000000002,PPL-2,3,2,C17,2,2
8,24,4338.9,570416,20543.600000000002,PPL-2,3,2,C17,2,2
8,25,3051.4,570416,20543.600000000002,PPL-2,3,3,C17,2,2
8,26,4849.9,570416,20543.600000000002,PPL-2,3,3,C17,2,2
8,27,5798.5,570416,20543.600000000002,PPL-2,3,3,C17,2,2
8,28,5230.6,570416,20543.600000000002,PPL-2,3,3,C17,2,2
8,29,5411.4,570416,20543.600000000002,PPL-2,3,3,C17,2,2
8,30,4483.7,570416,20543.600000000002,PPL-2,3,3,C17,2,2
8,31,5438.2,570416,20543.600000000002,PPL-2,3,3,C17,2,2
8,32,5430.7,570416,20543.600000000002,PPL-2,3,3,C17,2,2
8,33,5581.0,570416,20543.600000000002,PPL-2,3,3,C17,2,2
8,40,4330.6,570416,20543.600000000002,PPL-2,3,3,C17,2,2
8,47,4613.0,570416,20543.600000000002,PPL-2,3,3,C17,2,2
9,6,3297.5,570416,20543.600000000002,PPL-2,3,3,C17,2,2
9,7,2726.9,570416,20543.600000000002,PPL-2,3,3,C17,2,2
9,8,3612.7,570416,20543.600000000002,PPL-2,3,3,C17,2,2
9,10,2135.4,570416,20543.600000000002,PPL-2,3,3,C17,2,2
9,11,2647.2,570416,20543.600000000002,PPL-2,3,3,C17,2,2
9,12,5269.1,570416,20543.600000000002,PPL-2,3,2,C17,2,2
9,13,5358.1,570416,20543.600000000002,PPL-2,3,3,C17,2,2
9,14,5084.4,570416,20543.600000000002,PPL-2,3,3,C17,2,2
9,15,4077.4,570416,20543.600000000002,PPL-2,3,3,C17,2,2
9,16,5183.6,570416,20543.600000000002,PPL-2,3,2,C17,2,2
9,24,4777.2,570416,20543.600000000002,PPL-2,3,2,C17,2,2
9,25,4160.8,570416,20543.600000000002,PPL-2,3,3,C17,2,2
9,26,4449.9,570416,20543.600000000002,PPL-2,3,3,C17,2,2
9,27,5178.8,570416,20543.600000000002,PPL-2,3,3,C17,2,2
9,28,4754.6,570416,20543.600000000002,PPL-2,3,3,C17,2,2
9,29,3000.1,570416,20543.600000000002,PPL-2,3,3,C17,2,2
9,30,2578.4,570416,20543.600000000002,PPL-2,3,3,C17,2,2
9,31,4079.7,570416,20543.600000000002,PPL-2,3,3,C17,2,2
9,32,4197.7,570416,20543.600000000002,PPL-2,3,3,C17,2,2
9,33,3752.9,570416,20543.600000000002,PPL-2,3,3,C17,2,2
9,34,4834.4,570416,20543.600000000002,PPL-2,3,3,C17,2,2
9,35,5959.2,570416,20543.600000000002,PPL-2,3,3,C17,2,2
9,36,5702.2,570416,20543.600000000002,PPL-2,3,3,C17,2,2
9,37,4953.4,570416,20543.600000000002,PPL-2,3,3,C17,2,2
9,38,3898.6,570416,20543.600000000002,PPL-2,3,3,C17,2,2
9,39,5374.6,570416,20543.600000000002,PPL-2,3,3,C17,2,2
9,40,2990.4,570416,20543.600000000002,PPL-2,3,3,C17,2,2
9,41,4334.1,570416,20543.600000000002,PPL-2,3,3,C17,2,2
9,43,5316.6,570416,20543.600000000002,PPL-2,3,3,C17,2,2
9,44,5795.3,570416,20543.600000000002,PPL-2,3,3,C17,2,2
9,47,5895.4,570416,20543.600000000002,PPL-2,3,3,C17,2,2
10,6,1164.5,570416,20543.600000000002,PPL-2,3,3,C17,2,2
10,7,654.4,570416,20543.600000000002,PPL-2,3,3,C17,2,2
10,8,1601.7,570416,20543.600000000002,PPL-2,3,3,C17,2,2
10,9,2135.4,570416,20543.600000000002,PPL-2,3,3,C17,2,2
10,11,2608.5,570416,20543.600000000002,PPL-2,3,3,C17,2,2
10,12,3225.7,570416,20543.600000000002,PPL-2,3,2,C17,2,2
10,13,3252.6,570416,20543.600000000002,PPL-2,3,3,C17,2,2
10,14,3049.4,570416,20543.600000000002,PPL-2,3,3,C17,2,2
10,15,2954.4,570416,20543.600000000002,PPL-2,3,3,C17,2,2
10,16,3568.2,570416,20543.600000000002,PPL-2,3,2,C17,2,2
10,17,4346.7,570416,20543.600000000002,PPL-2,3,3,C17,2,2
10,18,5482.2,570416,20543.600000000002,PPL-2,3,3,C17,2,2
10,19,4745.8,570416,20543.600000000002,PPL-2,3,3,C17,2,2
10,20,5787.8,570416,20543.600000000002,PPL-2,3,2,C17,2,2
10,21,5380.7,570416,20543.600000000002,PPL-2,3,2,C17,2,2
10,22,5067.0,570416,20543.600000000002,PPL-2,3,2,C17,2,2
10,23,4809.6,570416,20543.600000000002,PPL-2,3,2,C17,2,2
10,24,4698.6,570416,20543.600000000002,PPL-2,3,2,C17,2,2
10,25,3586.5,570416,20543.600000000002,PPL-2,3,3,C17,2,2
10,26,4862.3,570416,20543.600000000002,PPL-2,3,3,C17,2,2
10,27,5788.1,570416,20543.600000000002,PPL-2,3,3,C17,2,2
10,28,5242.3,570416,20543.600000000002,PPL-2,3,3,C17,2,2
10,29,4550.7,570416,20543.600000000002,PPL-2,3,3,C17,2,2
10,30,3760.4,570416,20543.600000000002,PPL-2,3,3,C17,2,2
10,31,5058.2,570416,20543.600000000002,PPL-2,3,3,C17,2,2
10,32,5107.9,570416,20543.600000000002,PPL-2,3,3,C17,2,2
10,33,4996.6,570416,20543.600000000002,PPL-2,3,3,C17,2,2
10,38,5408.0,570416,20543.600000000002,PPL-2,3,3,C17,2,2
10,40,3842.2,570416,20543.600000000002,PPL-2,3,3,C17,2,2
10,41,5965.0,570416,20543.600000000002,PPL-2,3,3,C17,2,2
10,47,5393.4,570416,20543.600000000002,PPL-2,3,3,C17,2,2
11,1,5382.6,570416,20543.600000000002,PPL-2,3,3,C17,2,2
11,2,5242.1,570416,20543.600000000002,PPL-2,3,3,C17,2,2
11,4,5096.8,570416,20543.600000000002,PPL-2,3,3,C17,2,2
11,5,5311.7,570416,20543.600000000002,PPL-2,3,3,C17,2,2
11,6,3143.6,570416,20543.600000000002,PPL-2,3,3,C17,2,2
11,7,3139.5,570416,20543.600000000002,PPL-2,3,3,C17,2,2
11,8,2845.8,570416,20543.600000000002,PPL-2,3,3,C17,2,2
11,9,2647.2,570416,20543.600000000002,PPL-2,3,3,C17,2,2
11,10,2608.5,570416,20543.600000000002,PPL-2,3,3,C17,2,2
11,12,5322.6,570416,20543.600000000002,PPL-2,3,2,C17,2,2
11,13,5137.1,570416,20543.600000000002,PPL-2,3,3,C17,2,2
11,14,3926.2,570416,20543.600000000002,PPL-2,3,3,C17,2,2
11,15,1816.0,570416,20543.600000000002,PPL-2,3,3,C17,2,2
11,16,3207.2,570416,20543.600000000002,PPL-2,3,2,C17,2,2
11,17,5136.8,570416,20543.600000000002,PPL-2,3,3,C17,2,2
11,19,5804.4,570416,20543.600000000002,PPL-2,3,3,C17,2,2
11,20,4979.0,570416,20543.600000000002,PPL-2,3,2,C17,2,2
11,21,4903.1,570416,20543.600000000002,PPL-2,3,2,C17,2,2
11,22,3705.1,570416,20543.600000000002,PPL-2,3,2,C17,2,2
11,23,4194.2,570416,20543.600000000002,PPL-2,3,2,C17,2,2
11,24,2226.8,570416,20543.600000000002,PPL-2,3,2,C17,2,2
11,25,1537.6,570416,20543.600000000002,PPL-2,3,3,C17,2,2
11,26,2253.9,570416,20543.600000000002,PPL-2,3,3,C17,2,2
11,27,3183.6,570416,20543.600000000002,PPL-2,3,3,C17,2,2
11,28,2634.0,570416,20543.600000000002,PPL-2,3,3,C17,2,2
11,29,2723.9,570416,20543.600000000002,PPL-2,3,3,C17,2,2
11,30,1761.1,570416,20543.600000000002,PPL-2,3,3,C17,2,2
11,31,2604.9,570416,20543.600000000002,PPL-2,3,3,C17,2,2
11,32,2613.9,570416,20543.600000000002,PPL-2,3,3,C17,2,2
11,33,2743.6,570416,20543.600000000002,PPL-2,3,3,C17,2,2
11,34,3714.5,570416,20543.600000000002,PPL-2,3,3,C17,2,2
11,35,4605.2,570416,20543.600000000002,PPL-2,3,3,C17,2,2
11,36,4576.1,570416,20543.600000000002,PPL-2,3,3,C17,2,2
11,37,3906.1,570416,20543.600000000002,PPL-2,3,3,C17,2,2
11,38,3354.8,570416,20543.600000000002,PPL-2,3,3,C17,2,2
11,39,4020.4,570416,20543.600000000002,PPL-2,3,3,C17,2,2
11,40,1492.9,570416,20543.600000000002,PPL-2,3,3,C17,2,2
11,41,3977.2,570416,20543.600000000002,PPL-2,3,3,C17,2,2
11,43,4429.1,570416,20543.600000000002,PPL-2,3,3,C17,2,2
11,44,5005.1,570416,20543.600000000002,PPL-2,3,3,C17,2,2
11,45,4268.7,570416,20543.600000000002,PPL-2,3,3,C17,2,2
11,46,5276.2,570416,20543.600000000002,PPL-2,3,3,C17,2,2
11,47,3252.6,570416,20543.600000000002,PPL-2,3,3,C17,2,2
12,6,2229.7,200000,200000.0,None,2,3,none,0,0
12,7,2578.4,200000,200000.0,None,2,3,none,0,0
12,8,2507.8,200000,200000.0,None,2,3,none,0,0
12,9,5269.1,200000,200000.0,None,2,3,none,0,0
12,10,3225.7,200000,200000.0,None,2,3,none,0,0
12,11,5322.6,200000,200000.0,None,2,3,none,0,0
12,13,492.7,200000,200000.0,None,2,3,none,0,0
12,14,2247.7,200000,200000.0,None,2,3,none,0,0
12,15,4449.2,200000,200000.0,None,2,3,none,0,0
12,16,3815.5,200000,200000.0,None,2,2,none,0,0
12,17,2589.5,200000,200000.0,None,2,3,none,0,0
12,18,3310.5,200000,200000.0,None,2,3,none,0,0
12,19,2425.1,200000,200000.0,None,2,3,none,0,0
12,20,5370.7,200000,200000.0,None,2,2,none,0,0
12,21,4722.6,200000,200000.0,None,2,2,none,0,0
12,22,5600.6,200000,200000.0,None,2,2,none,0,0
12,23,4580.7,200000,200000.0,None,2,2,none,0,0
12,25,5478.3,200000,200000.0,None,2,3,none,0,0
13,6,2160.5,300000,300000.0,None,3,3,none,0,0
13,7,2632.0,300000,300000.0,None,3,3,none,0,0
13,8,2291.6,300000,300000.0,None,3,3,none,0,0
13,9,5358.1,300000,300000.0,None,3,3,none,0,0
13,10,3252.6,300000,300000.0,None,3,3,none,0,0
13,11,5137.1,300000,300000.0,None,3,3,none,0,0
13,12,492.7,200000,200000.0,None,3,2,none,0,0
13,14,1802.8,300000,300000.0,None,3,3,none,0,0
13,15,4114.6,300000,300000.0,None,3,3,none,0,0
13,16,3380.1,200000,200000.0,None,3,2,none,0,0
13,17,2104.2,300000,300000.0,None,3,3,none,0,0
13,18,2880.5,300000,300000.0,None,3,3,none,0,0
13,19,1993.8,300000,300000.0,None,3,3,none,0,0
13,20,4879.5,200000,200000.0,None,3,2,none,0,0
13,21,4230.4,200000,200000.0,None,3,2,none,0,0
13,22,5144.7,200000,200000.0,None,3,2,none,0,0
13,23,4099.6,200000,200000.0,None,3,2,none,0,0
13,25,5155.7,300000,300000.0,None,3,3,none,0,0
14,6,1969.8,300000,300000.0,None,3,3,none,0,0
14,7,2683.0,300000,300000.0,None,3,3,none,0,0
14,8,1473.1,300000,300000.0,None,3,3,none,0,0
14,9,5084.4,300000,300000.0,None,3,3,none,0,0
14,10,3049.4,300000,300000.0,None,3,3,none,0,0
14,11,3926.2,300000,300000.0,None,3,3,none,0,0
14,12,2247.7,200000,200000.0,None,3,2,none,0,0
14,13,1802.8,300000,300000.0,None,3,3,none,0,0
14,15,2500.9,300000,300000.0,None,3,3,none,0,0
14,16,1578.0,200000,200000.0,None,3,2,none,0,0
14,17,1332.8,300000,300000.0,None,3,3,none,0,0
14,18,2483.8,300000,300000.0,None,3,3,none,0,0
14,19,1900.4,300000,300000.0,None,3,3,none,0,0
14,20,3295.1,200000,200000.0,None,3,2,none,0,0
14,21,2706.7,200000,200000.0,None,3,2,none,0,0
14,22,3353.7,200000,200000.0,None,3,2,none,0,0
14,23,2404.3,200000,200000.0,None,3,2,none,0,0
14,24,4784.8,200000,200000.0,None,3,2,none,0,0
14,25,3536.9,300000,300000.0,None,3,3,none,0,0
14,26,5532.3,300000,300000.0,None,3,3,none,0,0
14,28,5880.3,300000,300000.0,None,3,3,none,0,0
14,30,5672.3,300000,300000.0,None,3,3,none,0,0
14,40,5398.9,300000,300000.0,None,3,3,none,0,0
14,47,4604.6,300000,300000.0,None,3,3,none,0,0
15,1,5031.1,111120,4002.0,PPL-3,3,3,C130,1,3
15,2,5037.8,111120,4002.0,PPL-3,3,3,C130,1,3
15,3,5844.0,111120,4002.0,PPL-3,3,3,C130,1,3
15,4,5083.0,111120,4002.0,PPL-3,3,3,C130,1,3
15,5,5056.1,111120,4002.0,PPL-3,3,3,C130,1,3
15,6,2736.0,111120,4002.0,PPL-3,3,3,C130,1,3
15,7,3150.3,111120,4002.0,PPL-3,3,3,C130,1,3
15,8,2087.7,111120,4002.0,PPL-3,3,3,C130,1,3
15,9,4077.4,111120,4002.0,PPL-3,3,3,C130,1,3
15,10,2954.4,111120,4002.0,PPL-3,3,3,C130,1,3
15,11,1816.0,111120,4002.0,PPL-3,3,3,C130,1,3
15,12,4449.2,111120,4002.0,PPL-3,3,2,C130,1,3
15,13,4114.6,111120,4002.0,PPL-3,3,3,C130,1,3
15,14,2500.9,111120,4002.0,PPL-3,3,3,C130,1,3
15,16,1412.3,111120,4002.0,PPL-3,3,2,C130,1,3
15,17,3508.6,111120,4002.0,PPL-3,3,3,C130,1,3
15,18,4497.6,111120,4002.0,PPL-3,3,3,C130,1,3
15,19,4228.9,111120,4002.0,PPL-3,3,3,C130,1,3
15,20,3248.0,111120,4002.0,PPL-3,3,2,C130,1,3
15,21,3102.4,111120,4002.0,PPL-3,3,2,C130,1,3
15,22,2180.9,111120,4002.0,PPL-3,3,2,C130,1,3
15,23,2398.0,111120,4002.0,PPL-3,3,2,C130,1,3
15,24,2330.1,111120,4002.0,PPL-3,3,2,C130,1,3
15,25,1045.6,111120,4002.0,PPL-3,3,3,C130,1,3
15,26,3031.4,111120,4002.0,PPL-3,3,3,C130,1,3
15,27,3927.9,111120,4002.0,PPL-3,3,3,C130,1,3
15,28,3381.2,111120,4002.0,PPL-3,3,3,C130,1,3
15,29,4460.4,111120,4002.0,PPL-3,3,3,C130,1,3
15,30,3514.4,111120,4002.0,PPL-3,3,3,C130,1,3
15,31,3912.8,111120,4002.0,PPL-3,3,3,C130,1,3
15,32,3849.2,111120,4002.0,PPL-3,3,3,C130,1,3
15,33,4259.3,111120,4002.0,PPL-3,3,3,C130,1,3
15,34,5018.3,111120,4002.0,PPL-3,3,3,C130,1,3
15,35,5639.7,111120,4002.0,PPL-3,3,3,C130,1,3
15,36,5759.1,111120,4002.0,PPL-3,3,3,C130,1,3
15,37,5221.0,111120,4002.0,PPL-3,3,3,C130,1,3
15,38,4953.1,111120,4002.0,PPL-3,3,3,C130,1,3
15,39,5138.1,111120,4002.0,PPL-3,3,3,C130,1,3
15,40,3099.4,111120,4002.0,PPL-3,3,3,C130,1,3
15,41,5570.5,111120,4002.0,PPL-3,3,3,C130,1,3
15,43,5759.4,111120,4002.0,PPL-3,3,3,C130,1,3
15,45,4719.2,111120,4002.0,PPL-3,3,3,C130,1,3
15,46,5293.7,111120,4002.0,PPL-3,3,3,C130,1,3
15,47,2544.9,111120,4002.0,PPL-3,3,3,C130,1,3
16,1,5410.3,200000,200000.0,None,2,3,none,0,0
16,2,5526.5,200000,200000.0,None,2,3,none,0,0
16,4,5701.5,200000,200000.0,None,2,3,none,0,0
16,5,5505.3,200000,200000.0,None,2,3,none,0,0
16,6,2853.0,200000,200000.0,None,2,3,none,0,0
16,7,3488.8,200000,200000.0,None,2,3,none,0,0
16,8,2128.3,200000,200000.0,None,2,3,none,0,0
16,9,5183.6,200000,200000.0,None,2,3,none,0,0
16,10,3568.2,200000,200000.0,None,2,3,none,0,0
16,11,3207.2,200000,200000.0,None,2,3,none,0,0
16,12,3815.5,200000,200000.0,None,2,2,none,0,0
16,13,3380.1,200000,200000.0,None,2,3,none,0,0
16,14,1578.0,200000,200000.0,None,2,3,none,0,0
16,15,1412.3,200000,200000.0,None,2,3,none,0,0
16,17,2208.3,200000,200000.0,None,2,3,none,0,0
16,18,3110.5,200000,200000.0,None,2,3,none,0,0
16,19,2951.1,200000,200000.0,None,2,3,none,0,0
16,20,2219.6,200000,200000.0,None,2,2,none,0,0
16,21,1867.1,200000,200000.0,None,2,2,none,0,0
16,22,1819.9,200000,200000.0,None,2,2,none,0,0
16,23,1243.5,200000,200000.0,None,2,2,none,0,0
16,24,3387.8,200000,200000.0,None,2,2,none,0,0
16,25,2272.9,200000,200000.0,None,2,3,none,0,0
16,26,4253.5,200000,200000.0,None,2,3,none,0,0
16,27,5064.2,200000,200000.0,None,2,3,none,0,0
16,28,4561.4,200000,200000.0,None,2,3,none,0,0
16,29,5872.7,200000,200000.0,None,2,3,none,0,0
16,30,4925.9,200000,200000.0,None,2,3,none,0,0
16,31,5248.4,200000,200000.0,None,2,3,none,0,0
16,32,5166.5,200000,200000.0,None,2,3,none,0,0
16,33,5640.0,200000,200000.0,None,2,3,none,0,0
16,40,4506.5,200000,200000.0,None,2,3,none,0,0
16,42,5721.6,200000,200000.0,None,2,3,none,0,0
16,45,5652.8,200000,200000.0,None,2,3,none,0,0
16,46,5915.2,200000,200000.0,None,2,3,none,0,0
16,47,3039.7,200000,200000.0,None,2,3,none,0,0
17,6,3218.9,300000,300000.0,None,3,3,none,0,0
17,7,3915.7,300000,300000.0,None,3,3,none,0,0
17,8,2799.4,300000,300000.0,None,3,3,none,0,0
17,10,4346.7,300000,300000.0,None,3,3,none,0,0
17,11,5136.8,300000,300000.0,None,3,3,none,0,0
17,12,2589.5,200000,200000.0,None,3,2,none,0,0
17,13,2104.2,300000,300000.0,None,3,3,none,0,0
17,14,1332.8,300000,300000.0,None,3,3,none,0,0
17,15,3508.6,300000,300000.0,None,3,3,none,0,0
17,16,2208.3,200000,200000.0,None,3,2,none,0,0
17,18,1151.1,300000,300000.0,None,3,3,none,0,0
17,19,744.3,300000,300000.0,None,3,3,none,0,0
17,20,2899.8,200000,200000.0,None,3,2,none,0,0
17,21,2234.0,200000,200000.0,None,3,2,none,0,0
17,22,3556.4,200000,200000.0,None,3,2,none,0,0
17,23,2318.5,200000,200000.0,None,3,2,none,0,0
17,24,5591.7,200000,200000.0,None,3,2,none,0,0
17,25,4464.7,300000,300000.0,None,3,3,none,0,0
17,42,5071.5,300000,300000.0,None,3,3,none,0,0
17,47,5084.5,300000,300000.0,None,3,3,none,0,0
18,6,4339.7,300000,300000.0,None,3,3,none,0,0
18,7,5022.8,300000,300000.0,None,3,3,none,0,0
18,8,3949.1,300000,300000.0,None,3,3,none,0,0
18,10,5482.2,300000,300000.0,None,3,3,none,0,0
18,12,3310.5,200000,200000.0,None,3,2,none,0,0
18,13,2880.5,300000,300000.0,None,3,3,none,0,0
18,14,2483.8,300000,300000.0,None,3,3,none,0,0
18,15,4497.6,300000,300000.0,None,3,3,none,0,0
18,16,3110.5,200000,200000.0,None,3,2,none,0,0
18,17,1151.1,300000,300000.0,None,3,3,none,0,0
18,19,887.1,300000,300000.0,None,3,3,none,0,0
18,20,2973.5,200000,200000.0,None,3,2,none,0,0
18,21,2372.6,200000,200000.0,None,3,2,none,0,0
18,22,4038.5,200000,200000.0,None,3,2,none,0,0
18,23,2770.0,200000,200000.0,None,3,2,none,0,0
18,25,5374.4,300000,300000.0,None,3,3,none,0,0
18,42,4173.7,300000,300000.0,None,3,3,none,0,0
18,47,5660.4,300000,300000.0,None,3,3,none,0,0
19,6,3584.8,300000,300000.0,None,3,3,none,0,0
19,7,4240.5,300000,300000.0,None,3,3,none,0,0
19,8,3290.7,300000,300000.0,None,3,3,none,0,0
19,10,4745.8,300000,300000.0,None,3,3,none,0,0
19,11,5804.4,300000,300000.0,None,3,3,none,0,0
19,12,2425.1,200000,200000.0,None,3,2,none,0,0
19,13,1993.8,300000,300000.0,None,3,3,none,0,0
19,14,1900.4,300000,300000.0,None,3,3,none,0,0
19,15,4228.9,300000,300000.0,None,3,3,none,0,0
19,16,2951.1,200000,200000.0,None,3,2,none,0,0
19,17,744.3,300000,300000.0,None,3,3,none,0,0
19,18,887.1,300000,300000.0,None,3,3,none,0,0
19,20,3453.0,200000,200000.0,None,3,2,none,0,0
19,21,2796.8,200000,200000.0,None,3,2,none,0,0
19,22,4255.0,200000,200000.0,None,3,2,none,0,0
19,23,2993.7,200000,200000.0,None,3,2,none,0,0
19,25,5200.3,300000,300000.0,None,3,3,none,0,0
19,42,5060.2,300000,300000.0,None,3,3,none,0,0
19,47,5810.1,300000,300000.0,None,3,3,none,0,0
20,1,4507.6,111120,4002.0,PPL-3,2,3,C130,1,3
20,2,4774.4,111120,4002.0,PPL-3,2,3,C130,1,3
20,3,4947.7,111120,4002.0,PPL-3,2,3,C130,1,3
20,4,5130.4,111120,4002.0,PPL-3,2,3,C130,1,3
20,5,4694.8,111120,4002.0,PPL-3,2,3,C130,1,3
20,6,5010.0,111120,4002.0,PPL-3,2,3,C130,1,3
20,7,5679.0,111120,4002.0,PPL-3,2,3,C130,1,3
20,8,4306.6,111120,4002.0,PPL-3,2,3,C130,1,3
20,10,5787.8,111120,4002.0,PPL-3,2,3,C130,1,3
20,11,4979.0,111120,4002.0,PPL-3,2,3,C130,1,3
20,12,5370.7,111120,4002.0,PPL-3,2,2,C130,1,3
20,13,4879.5,111120,4002.0,PPL-3,2,3,C130,1,3
20,14,3295.1,111120,4002.0,PPL-3,2,3,C130,1,3
20,15,3248.0,111120,4002.0,PPL-3,2,3,C130,1,3
20,16,2219.6,111120,4002.0,PPL-3,2,2,C130,1,3
20,17,2899.8,111120,4002.0,PPL-3,2,3,C130,1,3
20,18,2973.5,111120,4002.0,PPL-3,2,3,C130,1,3
20,19,3453.0,111120,4002.0,PPL-3,2,3,C130,1,3
20,21,665.8,111120,4002.0,PPL-3,2,2,C130,1,3
20,22,1459.5,111120,4002.0,PPL-3,2,2,C130,1,3
20,23,980.8,111120,4002.0,PPL-3,2,2,C130,1,3
20,24,4072.7,111120,4002.0,PPL-3,2,2,C130,1,3
20,25,3575.4,111120,4002.0,PPL-3,2,3,C130,1,3
20,26,5069.1,111120,4002.0,PPL-3,2,3,C130,1,3
20,27,5560.0,111120,4002.0,PPL-3,2,3,C130,1,3
20,28,5232.5,111120,4002.0,PPL-3,2,3,C130,1,3
20,40,5926.5,111120,4002.0,PPL-3,2,3,C130,1,3
20,42,3662.6,111120,4002.0,PPL-3,2,3,C130,1,3
20,45,5646.5,111120,4002.0,PPL-3,2,3,C130,1,3
20,46,5316.3,111120,4002.0,PPL-3,2,3,C130,1,3
20,47,2991.5,111120,4002.0,PPL-3,2,3,C130,1,3
21,1,5116.0,200000,200000.0,None,2,3,none,0,0
21,2,5364.0,200000,200000.0,None,2,3,none,0,0
21,3,5591.5,200000,200000.0,None,2,3,none,0,0
21,4,5695.7,200000,200000.0,None,2,3,none,0,0
21,5,5292.3,200000,200000.0,None,2,3,none,0,0
21,6,4515.6,200000,200000.0,None,2,3,none,0,0
21,7,5206.2,200000,200000.0,None,2,3,none,0,0
21,8,3838.9,200000,200000.0,None,2,3,none,0,0
21,10,5380.7,200000,200000.0,None,2,3,none,0,0
21,11,4903.1,200000,200000.0,None,2,3,none,0,0
21,12,4722.6,200000,200000.0,None,2,2,none,0,0
21,13,4230.4,200000,200000.0,None,2,3,none,0,0
21,14,2706.7,200000,200000.0,None,2,3,none,0,0
21,15,3102.4,200000,200000.0,None,2,3,none,0,0
21,16,1867.1,200000,200000.0,None,2,2,none,0,0
21,17,2234.0,200000,200000.0,None,2,3,none,0,0
21,18,2372.6,200000,200000.0,None,2,3,none,0,0
21,19,2796.8,200000,200000.0,None,2,3,none,0,0
21,20,665.8,200000,200000.0,None,2,2,none,0,0
21,22,1761.1,200000,200000.0,None,2,2,none,0,0
21,23,709.6,200000,200000.0,None,2,2,none,0,0
21,24,4326.8,200000,200000.0,None,2,2,none,0,0
21,25,3626.1,200000,200000.0,None,2,3,none,0,0
21,26,5316.5,200000,200000.0,None,2,3,none,0,0
21,27,5904.6,200000,200000.0,None,2,3,none,0,0
21,28,5523.8,200000,200000.0,None,2,3,none,0,0
21,42,3856.2,200000,200000.0,None,2,3,none,0,0
21,46,5888.8,200000,200000.0,None,2,3,none,0,0
21,47,3385.8,200000,200000.0,None,2,3,none,0,0
22,1,3682.6,111120,4002.0,PPL-3,2,3,C130,1,3
22,2,3854.4,111120,4002.0,PPL-3,2,3,C130,1,3
22,3,4330.3,111120,4002.0,PPL-3,2,3,C130,1,3
22,4,4110.5,111120,4002.0,PPL-3,2,3,C130,1,3
22,5,3810.9,111120,4002.0,PPL-3,2,3,C130,1,3
22,6,4573.2,111120,4002.0,PPL-3,2,3,C130,1,3
22,7,5137.8,111120,4002.0,PPL-3,2,3,C130,1,3
22,8,3844.6,111120,4002.0,PPL-3,2,3,C130,1,3
22,10,5067.0,111120,4002.0,PPL-3,2,3,C130,1,3
22,11,3705.1,111120,4002.0,PPL-3,2,3,C130,1,3
22,12,5600.6,111120,4002.0,PPL-3,2,2,C130,1,3
22,13,5144.7,111120,4002.0,PPL-3,2,3,C130,1,3
22,14,3353.7,111120,4002.0,PPL-3,2,3,C130,1,3
22,15,2180.9,111120,4002.0,PPL-3,2,3,C130,1,3
22,16,1819.9,111120,4002.0,PPL-3,2,2,C130,1,3
22,17,3556.4,111120,4002.0,PPL-3,2,3,C130,1,3
22,18,4038.5,111120,4002.0,PPL-3,2,3,C130,1,3
22,19,4255.0,111120,4002.0,PPL-3,2,3,C130,1,3
22,20,1459.5,111120,4002.0,PPL-3,2,2,C130,1,3
22,21,1761.1,111120,4002.0,PPL-3,2,2,C130,1,3
22,23,1276.1,111120,4002.0,PPL-3,2,2,C130,1,3
22,24,2615.8,111120,4002.0,PPL-3,2,2,C130,1,3
22,25,2209.6,111120,4002.0,PPL-3,2,3,C130,1,3
22,26,3612.5,111120,4002.0,PPL-3,2,3,C130,1,3
22,27,4148.3,111120,4002.0,PPL-3,2,3,C130,1,3
22,28,3789.3,111120,4002.0,PPL-3,2,3,C130,1,3
22,29,5881.4,111120,4002.0,PPL-3,2,3,C130,1,3
22,30,5067.5,111120,4002.0,PPL-3,2,3,C130,1,3
22,31,4789.4,111120,4002.0,PPL-3,2,3,C130,1,3
22,32,4655.2,111120,4002.0,PPL-3,2,3,C130,1,3
22,33,5336.4,111120,4002.0,PPL-3,2,3,C130,1,3
22,34,5678.4,111120,4002.0,PPL-3,2,3,C130,1,3
22,35,5836.5,111120,4002.0,PPL-3,2,3,C130,1,3
22,37,5864.1,111120,4002.0,PPL-3,2,3,C130,1,3
22,39,5529.7,111120,4002.0,PPL-3,2,3,C130,1,3
22,40,4504.5,111120,4002.0,PPL-3,2,3,C130,1,3
22,42,4987.9,111120,4002.0,PPL-3,2,3,C130,1,3
22,45,4377.5,111120,4002.0,PPL-3,2,3,C130,1,3
22,46,4316.8,111120,4002.0,PPL-3,2,3,C130,1,3
22,47,1631.9,111120,4002.0,PPL-3,2,3,C130,1,3
23,1,4888.5,200000,200000.0,None,2,3,none,0,0
23,2,5091.1,200000,200000.0,None,2,3,none,0,0
23,3,5463.5,200000,200000.0,None,2,3,none,0,0
23,4,5371.9,200000,200000.0,None,2,3,none,0,0
23,5,5037.0,200000,200000.0,None,2,3,none,0,0
23,6,4036.6,200000,200000.0,None,2,3,none,0,0
23,7,4700.2,200000,200000.0,None,2,3,none,0,0
23,8,3328.5,200000,200000.0,None,2,3,none,0,0
23,10,4809.6,200000,200000.0,None,2,3,none,0,0
23,11,4194.2,200000,200000.0,None,2,3,none,0,0
23,12,4580.7,200000,200000.0,None,2,2,none,0,0
23,13,4099.6,200000,200000.0,None,2,3,none,0,0
23,14,2404.3,200000,200000.0,None,2,3,none,0,0
23,15,2398.0,200000,200000.0,None,2,3,none,0,0
23,16,1243.5,200000,200000.0,None,2,2,none,0,0
23,17,2318.5,200000,200000.0,None,2,3,none,0,0
23,18,2770.0,200000,200000.0,None,2,3,none,0,0
23,19,2993.7,200000,200000.0,None,2,3,none,0,0
23,20,980.8,200000,200000.0,None,2,2,none,0,0
23,21,709.6,200000,200000.0,None,2,2,none,0,0
23,22,1276.1,200000,200000.0,None,2,2,none,0,0
23,24,3706.2,200000,200000.0,None,2,2,none,0,0
23,25,2929.8,200000,200000.0,None,2,3,none,0,0
23,26,4683.2,200000,200000.0,None,2,3,none,0,0
23,27,5328.2,200000,200000.0,None,2,3,none,0,0
23,28,4914.3,200000,200000.0,None,2,3,none,0,0
23,30,5801.3,200000,200000.0,None,2,3,none,0,0
23,31,5811.2,200000,200000.0,None,2,3,none,0,0
23,32,5696.4,200000,200000.0,None,2,3,none,0,0
23,40,5302.5,200000,200000.0,None,2,3,none,0,0
23,42,4528.3,200000,200000.0,None,2,3,none,0,0
23,45,5642.3,200000,200000.0,None,2,3,none,0,0
23,46,5575.3,200000,200000.0,None,2,3,none,0,0
23,47,2890.4,200000,200000.0,None,2,3,none,0,0
24,1,3156.2,111120,4002.0,PPL-3,2,3,C130,1,3
24,2,3030.6,111120,4002.0,PPL-3,2,3,C130,1,3
24,3,4014.6,111120,4002.0,PPL-3,2,3,C130,1,3
24,4,2936.5,111120,4002.0,PPL-3,2,3,C130,1,3
24,5,3092.8,111120,4002.0,PPL-3,2,3,C130,1,3
24,6,4890.9,111120,4002.0,PPL-3,2,3,C130,1,3
24,7,5116.0,111120,4002.0,PPL-3,2,3,C130,1,3
24,8,4338.9,111120,4002.0,PPL-3,2,3,C130,1,3
24,9,4777.2,111120,4002.0,PPL-3,2,3,C130,1,3
24,10,4698.6,111120,4002.0,PPL-3,2,3,C130,1,3
24,11,2226.8,111120,4002.0,PPL-3,2,3,C130,1,3
24,14,4784.8,111120,4002.0,PPL-3,2,3,C130,1,3
24,15,2330.1,111120,4002.0,PPL-3,2,3,C130,1,3
24,16,3387.8,111120,4002.0,PPL-3,2,2,C130,1,3
24,17,5591.7,111120,4002.0,PPL-3,2,3,C130,1,3
24,20,4072.7,111120,4002.0,PPL-3,2,2,C130,1,3
24,21,4326.8,111120,4002.0,PPL-3,2,2,C130,1,3
24,22,2615.8,111120,4002.0,PPL-3,2,2,C130,1,3
24,23,3706.2,111120,4002.0,PPL-3,2,2,C130,1,3
24,25,1295.9,111120,4002.0,PPL-3,2,3,C130,1,3
24,26,996.7,111120,4002.0,PPL-3,2,3,C130,1,3
24,27,1678.2,111120,4002.0,PPL-3,2,3,C130,1,3
24,28,1210.8,111120,4002.0,PPL-3,2,3,C130,1,3
24,29,3415.2,111120,4002.0,PPL-3,2,3,C130,1,3
24,30,2775.8,111120,4002.0,PPL-3,2,3,C130,1,3
24,31,2179.3,111120,4002.0,PPL-3,2,3,C130,1,3
24,32,2040.6,111120,4002.0,PPL-3,2,3,C130,1,3
24,33,2751.0,111120,4002.0,PPL-3,2,3,C130,1,3
24,34,3084.5,111120,4002.0,PPL-3,2,3,C130,1,3
24,35,3433.4,111120,4002.0,PPL-3,2,3,C130,1,3
24,36,3646.6,111120,4002.0,PPL-3,2,3,C130,1,3
24,37,3276.9,111120,4002.0,PPL-3,2,3,C130,1,3
24,38,3465.4,111120,4002.0,PPL-3,2,3,C130,1,3
24,39,3018.7,111120,4002.0,PPL-3,2,3,C130,1,3
24,40,2168.2,111120,4002.0,PPL-3,2,3,C130,1,3
24,41,3988.3,111120,4002.0,PPL-3,2,3,C130,1,3
24,43,3782.0,111120,4002.0,PPL-3,2,3,C130,1,3
24,44,4290.0,111120,4002.0,PPL-3,2,3,C130,1,3
24,45,2391.8,111120,4002.0,PPL-3,2,3,C130,1,3
24,46,3131.8,111120,4002.0,PPL-3,2,3,C130,1,3
24,47,1315.2,111120,4002.0,PPL-3,2,3,C130,1,3
25,1,4211.8,300000,300000.0,None,3,3,none,0,0
25,2,4162.4,300000,300000.0,None,3,3,none,0,0
25,3,5056.6,300000,300000.0,None,3,3,none,0,0
25,4,4147.5,300000,300000.0,None,3,3,none,0,0
25,5,4199.7,300000,300000.0,None,3,3,none,0,0
25,6,3631.9,300000,300000.0,None,3,3,none,0,0
25,7,3924.8,300000,300000.0,None,3,3,none,0,0
25,8,3051.4,300000,300000.0,None,3,3,none,0,0
25,9,4160.8,300000,300000.0,None,3,3,none,0,0
25,10,3586.5,300000,300000.0,None,3,3,none,0,0
25,11,1537.6,300000,300000.0,None,3,3,none,0,0
25,12,5478.3,200000,200000.0,None,3,2,none,0,0
25,13,5155.7,300000,300000.0,None,3,3,none,0,0
25,14,3536.9,300000,300000.0,None,3,3,none,0,0
25,15,1045.6,300000,300000.0,None,3,3,none,0,0
25,16,2272.9,200000,200000.0,None,3,2,none,0,0
25,17,4464.7,300000,300000.0,None,3,3,none,0,0
25,18,5374.4,300000,300000.0,None,3,3,none,0,0
25,19,5200.3,300000,300000.0,None,3,3,none,0,0
25,20,3575.4,200000,200000.0,None,3,2,none,0,0
25,21,3626.1,200000,200000.0,None,3,2,none,0,0
25,22,2209.6,200000,200000.0,None,3,2,none,0,0
25,23,2929.8,200000,200000.0,None,3,2,none,0,0
25,24,1295.9,200000,200000.0,None,3,2,none,0,0
25,26,2006.7,300000,300000.0,None,3,3,none,0,0
25,27,2885.4,300000,300000.0,None,3,3,none,0,0
25,28,2344.6,300000,300000.0,None,3,3,none,0,0
25,29,3774.5,300000,300000.0,None,3,3,none,0,0
25,30,2897.7,300000,300000.0,None,3,3,none,0,0
25,31,2979.1,300000,300000.0,None,3,3,none,0,0
25,32,2893.8,300000,300000.0,None,3,3,none,0,0
25,33,3403.7,300000,300000.0,None,3,3,none,0,0
25,34,4051.8,300000,300000.0,None,3,3,none,0,0
25,35,4609.0,300000,300000.0,None,3,3,none,0,0
25,36,4750.9,300000,300000.0,None,3,3,none,0,0
25,37,4254.0,300000,300000.0,None,3,3,none,0,0
25,38,4124.1,300000,300000.0,None,3,3,none,0,0
25,39,4124.7,300000,300000.0,None,3,3,none,0,0
25,40,2375.3,300000,300000.0,None,3,3,none,0,0
25,41,4722.4,300000,300000.0,None,3,3,none,0,0
25,43,4788.2,300000,300000.0,None,3,3,none,0,0
25,44,5338.7,300000,300000.0,None,3,3,none,0,0
25,45,3687.4,300000,300000.0,None,3,3,none,0,0
25,46,4352.7,300000,300000.0,None,3,3,none,0,0
25,47,1831.0,300000,300000.0,None,3,3,none,0,0
26,1,3447.9,300000,300000.0,None,3,3,none,0,0
26,2,3215.0,300000,300000.0,None,3,3,none,0,0
26,3,4268.7,300000,300000.0,None,3,3,none,0,0
26,4,2967.2,300000,300000.0,None,3,3,none,0,0
26,5,3313.6,300000,300000.0,None,3,3,none,0,0
26,6,5294.6,300000,300000.0,None,3,3,none,0,0
26,7,5378.2,300000,300000.0,None,3,3,none,0,0
26,8,4849.9,300000,300000.0,None,3,3,none,0,0
26,9,4449.9,300000,300000.0,None,3,3,none,0,0
26,10,4862.3,300000,300000.0,None,3,3,none,0,0
26,11,2253.9,300000,300000.0,None,3,3,none,0,0
26,14,5532.3,300000,300000.0,None,3,3,none,0,0
26,15,3031.4,300000,300000.0,None,3,3,none,0,0
26,16,4253.5,200000,200000.0,None,3,2,none,0,0
26,20,5069.1,200000,200000.0,None,3,2,none,0,0
26,21,5316.5,200000,200000.0,None,3,2,none,0,0
26,22,3612.5,200000,200000.0,None,3,2,none,0,0
26,23,4683.2,200000,200000.0,None,3,2,none,0,0
26,24,996.7,200000,200000.0,None,3,2,none,0,0
26,25,2006.7,300000,300000.0,None,3,3,none,0,0
26,27,953.4,300000,300000.0,None,3,3,none,0,0
26,28,386.4,300000,300000.0,None,3,3,none,0,0
26,29,2543.1,300000,300000.0,None,3,3,none,0,0
26,30,2090.0,300000,300000.0,None,3,3,none,0,0
26,31,1191.2,300000,300000.0,None,3,3,none,0,0
26,32,1046.1,300000,300000.0,None,3,3,none,0,0
26,33,1786.9,300000,300000.0,None,3,3,none,0,0
26,34,2108.0,300000,300000.0,None,3,3,none,0,0
26,35,2608.5,300000,300000.0,None,3,3,none,0,0
26,36,2747.5,300000,300000.0,None,3,3,none,0,0
26,37,2305.0,300000,300000.0,None,3,3,none,0,0
26,38,2486.0,300000,300000.0,None,3,3,none,0,0
26,39,2119.5,300000,300000.0,None,3,3,none,0,0
26,40,1519.6,300000,300000.0,None,3,3,none,0,0
26,41,2994.1,300000,300000.0,None,3,3,none,0,0
26,43,2824.4,300000,300000.0,None,3,3,none,0,0
26,44,3355.6,300000,300000.0,None,3,3,none,0,0
26,45,2017.5,300000,300000.0,None,3,3,none,0,0
26,46,3121.4,300000,300000.0,None,3,3,none,0,0
26,47,2226.8,300000,300000.0,None,3,3,none,0,0
27,1,2968.7,570416,20543.600000000002,PPL-2,3,3,C17,2,2
27,2,2661.4,570416,20543.600000000002,PPL-2,3,3,C17,2,2
27,3,3707.8,570416,20543.600000000002,PPL-2,3,3,C17,2,2
27,4,2309.4,570416,20543.600000000002,PPL-2,3,3,C17,2,2
27,5,2782.9,570416,20543.600000000002,PPL-2,3,3,C17,2,2
27,8,5798.5,570416,20543.600000000002,PPL-2,3,3,C17,2,2
27,9,5178.8,570416,20543.600000000002,PPL-2,3,3,C17,2,2
27,10,5788.1,570416,20543.600000000002,PPL-2,3,3,C17,2,2
27,11,3183.6,570416,20543.600000000002,PPL-2,3,3,C17,2,2
27,15,3927.9,570416,20543.600000000002,PPL-2,3,3,C17,2,2
27,16,5064.2,570416,20543.600000000002,PPL-2,3,2,C17,2,2
27,20,5560.0,570416,20543.600000000002,PPL-2,3,2,C17,2,2
27,21,5904.6,570416,20543.600000000002,PPL-2,3,2,C17,2,2
27,22,4148.3,570416,20543.600000000002,PPL-2,3,2,C17,2,2
27,23,5328.2,570416,20543.600000000002,PPL-2,3,2,C17,2,2
27,24,1678.2,570416,20543.600000000002,PPL-2,3,2,C17,2,2
27,25,2885.4,570416,20543.600000000002,PPL-2,3,3,C17,2,2
27,26,953.4,570416,20543.600000000002,PPL-2,3,3,C17,2,2
27,28,568.6,570416,20543.600000000002,PPL-2,3,3,C17,2,2
27,29,2779.5,570416,20543.600000000002,PPL-2,3,3,C17,2,2
27,30,2650.0,570416,20543.600000000002,PPL-2,3,3,C17,2,2
27,31,1259.3,570416,20543.600000000002,PPL-2,3,3,C17,2,2
27,32,1093.2,570416,20543.600000000002,PPL-2,3,3,C17,2,2
27,33,1855.6,570416,20543.600000000002,PPL-2,3,3,C17,2,2
27,34,1612.8,570416,20543.600000000002,PPL-2,3,3,C17,2,2
27,35,1755.3,570416,20543.600000000002,PPL-2,3,3,C17,2,2
27,36,1995.4,570416,20543.600000000002,PPL-2,3,3,C17,2,2
27,37,1772.3,570416,20543.600000000002,PPL-2,3,3,C17,2,2
27,38,2388.6,570416,20543.600000000002,PPL-2,3,3,C17,2,2
27,39,1381.4,570416,20543.600000000002,PPL-2,3,3,C17,2,2
27,40,2189.5,570416,20543.600000000002,PPL-2,3,3,C17,2,2
27,41,2733.2,570416,20543.600000000002,PPL-2,3,3,C17,2,2
27,43,2211.8,570416,20543.600000000002,PPL-2,3,3,C17,2,2
27,44,2666.5,570416,20543.600000000002,PPL-2,3,3,C17,2,2
27,45,1157.8,570416,20543.600000000002,PPL-2,3,3,C17,2,2
27,46,2420.7,570416,20543.600000000002,PPL-2,3,3,C17,2,2
27,47,2574.5,570416,20543.600000000002,PPL-2,3,3,C17,2,2
28,1,3207.9,111120,4002.0,PPL-3,3,3,C130,1,3
28,2,2946.9,111120,4002.0,PPL-3,3,3,C130,1,3
28,3,4004.9,111120,4002.0,PPL-3,3,3,C130,1,3
28,4,2662.1,111120,4002.0,PPL-3,3,3,C130,1,3
28,5,3054.3,111120,4002.0,PPL-3,3,3,C130,1,3
28,6,5680.5,111120,4002.0,PPL-3,3,3,C130,1,3
28,7,5762.7,111120,4002.0,PPL-3,3,3,C130,1,3
28,8,5230.6,111120,4002.0,PPL-3,3,3,C130,1,3
28,9,4754.6,111120,4002.0,PPL-3,3,3,C130,1,3
28,10,5242.3,111120,4002.0,PPL-3,3,3,C130,1,3
28,11,2634.0,111120,4002.0,PPL-3,3,3,C130,1,3
28,14,5880.3,111120,4002.0,PPL-3,3,3,C130,1,3
28,15,3381.2,111120,4002.0,PPL-3,3,3,C130,1,3
28,16,4561.4,111120,4002.0,PPL-3,3,2,C130,1,3
28,20,5232.5,111120,4002.0,PPL-3,3,2,C130,1,3
28,21,5523.8,111120,4002.0,PPL-3,3,2,C130,1,3
28,22,3789.3,111120,4002.0,PPL-3,3,2,C130,1,3
28,23,4914.3,111120,4002.0,PPL-3,3,2,C130,1,3
28,24,1210.8,111120,4002.0,PPL-3,3,2,C130,1,3
28,25,2344.6,111120,4002.0,PPL-3,3,3,C130,1,3
28,26,386.4,111120,4002.0,PPL-3,3,3,C130,1,3
28,27,568.6,111120,4002.0,PPL-3,3,3,C130,1,3
28,29,2628.3,111120,4002.0,PPL-3,3,3,C130,1,3
28,30,2309.0,111120,4002.0,PPL-3,3,3,C130,1,3
28,31,1154.1,111120,4002.0,PPL-3,3,3,C130,1,3
28,32,985.2,111120,4002.0,PPL-3,3,3,C130,1,3
28,33,1782.5,111120,4002.0,PPL-3,3,3,C130,1,3
28,34,1889.1,111120,4002.0,PPL-3,3,3,C130,1,3
28,35,2265.9,111120,4002.0,PPL-3,3,3,C130,1,3
28,36,2443.4,111120,4002.0,PPL-3,3,3,C130,1,3
28,37,2076.4,111120,4002.0,PPL-3,3,3,C130,1,3
28,38,2431.0,111120,4002.0,PPL-3,3,3,C130,1,3
28,39,1813.8,111120,4002.0,PPL-3,3,3,C130,1,3
28,40,1779.8,111120,4002.0,PPL-3,3,3,C130,1,3
28,41,2881.7,111120,4002.0,PPL-3,3,3,C130,1,3
28,43,2573.3,111120,4002.0,PPL-3,3,3,C130,1,3
28,44,3079.6,111120,4002.0,PPL-3,3,3,C130,1,3
28,45,1647.3,111120,4002.0,PPL-3,3,3,C130,1,3
28,46,2803.6,111120,4002.0,PPL-3,3,3,C130,1,3
28,47,2303.3,111120,4002.0,PPL-3,3,3,C130,1,3
29,1,5748.2,300000,300000.0,None,3,3,none,0,0
29,2,5436.4,300000,300000.0,None,3,3,none,0,0
29,4,5057.5,300000,300000.0,None,3,3,none,0,0
29,5,5560.3,300000,300000.0,None,3,3,none,0,0
29,6,5494.7,300000,300000.0,None,3,3,none,0,0
29,7,5202.1,300000,300000.0,None,3,3,none,0,0
29,8,5411.4,300000,300000.0,None,3,3,none,0,0
29,9,3000.1,300000,300000.0,None,3,3,none,0,0
29,10,4550.7,300000,300000.0,None,3,3,none,0,0
29,11,2723.9,300000,300000.0,None,3,3,none,0,0
29,15,4460.4,300000,300000.0,None,3,3,none,0,0
29,16,5872.7,200000,200000.0,None,3,2,none,0,0
29,22,5881.4,200000,200000.0,None,3,2,none,0,0
29,24,3415.2,200000,200000.0,None,3,2,none,0,0
29,25,3774.5,300000,300000.0,None,3,3,none,0,0
29,26,2543.1,300000,300000.0,None,3,3,none,0,0
29,27,2779.5,300000,300000.0,None,3,3,none,0,0
29,28,2628.3,300000,300000.0,None,3,3,none,0,0
29,30,962.8,300000,300000.0,None,3,3,none,0,0
29,31,1522.8,300000,300000.0,None,3,3,none,0,0
29,32,1693.5,300000,300000.0,None,3,3,none,0,0
29,33,942.8,300000,300000.0,None,3,3,none,0,0
29,34,1883.6,300000,300000.0,None,3,3,none,0,0
29,35,3014.7,300000,300000.0,None,3,3,none,0,0
29,36,2714.6,300000,300000.0,None,3,3,none,0,0
29,37,1976.0,300000,300000.0,None,3,3,none,0,0
29,38,901.2,300000,300000.0,None,3,3,none,0,0
29,39,2466.8,300000,300000.0,None,3,3,none,0,0
29,40,1399.3,300000,300000.0,None,3,3,none,0,0
29,41,1414.5,300000,300000.0,None,3,3,none,0,0
29,43,2316.6,300000,300000.0,None,3,3,none,0,0
29,44,2808.4,300000,300000.0,None,3,3,none,0,0
29,45,3806.4,300000,300000.0,None,3,3,none,0,0
29,46,5140.1,300000,300000.0,None,3,3,none,0,0
29,47,4724.3,300000,300000.0,None,3,3,none,0,0
30,1,5515.7,300000,300000.0,None,3,3,none,0,0
30,2,5254.0,300000,300000.0,None,3,3,none,0,0
30,4,4945.4,300000,300000.0,None,3,3,none,0,0
30,5,5363.0,300000,300000.0,None,3,3,none,0,0
30,6,4620.4,300000,300000.0,None,3,3,none,0,0
30,7,4397.9,300000,300000.0,None,3,3,none,0,0
30,8,4483.7,300000,300000.0,None,3,3,none,0,0
30,9,2578.4,300000,300000.0,None,3,3,none,0,0
30,10,3760.4,300000,300000.0,None,3,3,none,0,0
30,11,1761.1,300000,300000.0,None,3,3,none,0,0
30,14,5672.3,300000,300000.0,None,3,3,none,0,0
30,15,3514.4,300000,300000.0,None,3,3,none,0,0
30,16,4925.9,200000,200000.0,None,3,2,none,0,0
30,22,5067.5,200000,200000.0,None,3,2,none,0,0
30,23,5801.3,200000,200000.0,None,3,2,none,0,0
30,24,2775.8,200000,200000.0,None,3,2,none,0,0
30,25,2897.7,300000,300000.0,None,3,3,none,0,0
30,26,2090.0,300000,300000.0,None,3,3,none,0,0
30,27,2650.0,300000,300000.0,None,3,3,none,0,0
30,28,2309.0,300000,300000.0,None,3,3,none,0,0
30,29,962.8,300000,300000.0,None,3,3,none,0,0
30,31,1501.3,300000,300000.0,None,3,3,none,0,0
30,32,1622.9,300000,300000.0,None,3,3,none,0,0
30,33,1251.7,300000,300000.0,None,3,3,none,0,0
30,34,2356.0,300000,300000.0,None,3,3,none,0,0
30,35,3441.4,300000,300000.0,None,3,3,none,0,0
30,36,3255.4,300000,300000.0,None,3,3,none,0,0
30,37,2509.9,300000,300000.0,None,3,3,none,0,0
30,38,1681.1,300000,300000.0,None,3,3,none,0,0
30,39,2841.5,300000,300000.0,None,3,3,none,0,0
30,40,607.6,300000,300000.0,None,3,3,none,0,0
30,41,2282.6,300000,300000.0,None,3,3,none,0,0
30,43,2965.4,300000,300000.0,None,3,3,none,0,0
30,44,3515.8,300000,300000.0,None,3,3,none,0,0
30,45,3791.7,300000,300000.0,None,3,3,none,0,0
30,46,5067.7,300000,300000.0,None,3,3,none,0,0
30,47,4083.0,300000,300000.0,None,3,3,none,0,0
31,1,4226.6,300000,300000.0,None,3,3,none,0,0
31,2,3920.4,300000,300000.0,None,3,3,none,0,0
31,3,4963.9,300000,300000.0,None,3,3,none,0,0
31,4,3557.0,300000,300000.0,None,3,3,none,0,0
31,5,4042.2,300000,300000.0,None,3,3,none,0,0
31,6,5740.9,300000,300000.0,None,3,3,none,0,0
31,7,5657.8,300000,300000.0,None,3,3,none,0,0
31,8,5438.2,300000,300000.0,None,3,3,none,0,0
31,9,4079.7,300000,300000.0,None,3,3,none,0,0
31,10,5058.2,300000,300000.0,None,3,3,none,0,0
31,11,2604.9,300000,300000.0,None,3,3,none,0,0
31,15,3912.8,300000,300000.0,None,3,3,none,0,0
31,16,5248.4,200000,200000.0,None,3,2,none,0,0
31,22,4789.4,200000,200000.0,None,3,2,none,0,0
31,23,5811.2,200000,200000.0,None,3,2,none,0,0
31,24,2179.3,200000,200000.0,None,3,2,none,0,0
31,25,2979.1,300000,300000.0,None,3,3,none,0,0
31,26,1191.2,300000,300000.0,None,3,3,none,0,0
31,27,1259.3,300000,300000.0,None,3,3,none,0,0
31,28,1154.1,300000,300000.0,None,3,3,none,0,0
31,29,1522.8,300000,300000.0,None,3,3,none,0,0
31,30,1501.3,300000,300000.0,None,3,3,none,0,0
31,32,173.1,300000,300000.0,None,3,3,none,0,0
31,33,629.5,300000,300000.0,None,3,3,none,0,0
31,34,1125.9,300000,300000.0,None,3,3,none,0,0
31,35,2037.4,300000,300000.0,None,3,3,none,0,0
31,36,1971.2,300000,300000.0,None,3,3,none,0,0
31,37,1325.4,300000,300000.0,None,3,3,none,0,0
31,38,1296.7,300000,300000.0,None,3,3,none,0,0
31,39,1436.5,300000,300000.0,None,3,3,none,0,0
31,40,1218.5,300000,300000.0,None,3,3,none,0,0
31,41,1811.7,300000,300000.0,None,3,3,none,0,0
31,43,1862.5,300000,300000.0,None,3,3,none,0,0
31,44,2435.7,300000,300000.0,None,3,3,none,0,0
31,45,2337.4,300000,300000.0,None,3,3,none,0,0
31,46,3654.1,300000,300000.0,None,3,3,none,0,0
31,47,3410.3,300000,300000.0,None,3,3,none,0,0
32,1,4057.9,300000,300000.0,None,3,3,none,0,0
32,2,3754.5,300000,300000.0,None,3,3,none,0,0
32,3,4800.3,300000,300000.0,None,3,3,none,0,0
32,4,3396.6,300000,300000.0,None,3,3,none,0,0
32,5,3875.5,300000,300000.0,None,3,3,none,0,0
32,6,5756.7,300000,300000.0,None,3,3,none,0,0
32,7,5698.0,300000,300000.0,None,3,3,none,0,0
32,8,5430.7,300000,300000.0,None,3,3,none,0,0
32,9,4197.7,300000,300000.0,None,3,3,none,0,0
32,10,5107.9,300000,300000.0,None,3,3,none,0,0
32,11,2613.9,300000,300000.0,None,3,3,none,0,0
32,15,3849.2,300000,300000.0,None,3,3,none,0,0
32,16,5166.5,200000,200000.0,None,3,2,none,0,0
32,22,4655.2,200000,200000.0,None,3,2,none,0,0
32,23,5696.4,200000,200000.0,None,3,2,none,0,0
32,24,2040.6,200000,200000.0,None,3,2,none,0,0
32,25,2893.8,300000,300000.0,None,3,3,none,0,0
32,26,1046.1,300000,300000.0,None,3,3,none,0,0
32,27,1093.2,300000,300000.0,None,3,3,none,0,0
32,28,985.2,300000,300000.0,None,3,3,none,0,0
32,29,1693.5,300000,300000.0,None,3,3,none,0,0
32,30,1622.9,300000,300000.0,None,3,3,none,0,0
32,31,173.1,300000,300000.0,None,3,3,none,0,0
32,33,801.4,300000,300000.0,None,3,3,none,0,0
32,34,1169.6,300000,300000.0,None,3,3,none,0,0
32,35,1998.0,300000,300000.0,None,3,3,none,0,0
32,36,1973.4,300000,300000.0,None,3,3,none,0,0
32,37,1372.1,300000,300000.0,None,3,3,none,0,0
32,38,1454.0,300000,300000.0,None,3,3,none,0,0
32,39,1407.0,300000,300000.0,None,3,3,none,0,0
32,40,1285.9,300000,300000.0,None,3,3,none,0,0
32,41,1948.1,300000,300000.0,None,3,3,none,0,0
32,43,1910.9,300000,300000.0,None,3,3,none,0,0
32,44,2477.5,300000,300000.0,None,3,3,none,0,0
32,45,2188.3,300000,300000.0,None,3,3,none,0,0
32,46,3497.6,300000,300000.0,None,3,3,none,0,0
32,47,3254.7,300000,300000.0,None,3,3,none,0,0
33,1,4820.7,300000,300000.0,None,3,3,none,0,0
33,2,4501.9,300000,300000.0,None,3,3,none,0,0
33,3,5533.2,300000,300000.0,None,3,3,none,0,0
33,4,4116.6,300000,300000.0,None,3,3,none,0,0
33,5,4627.5,300000,300000.0,None,3,3,none,0,0
33,6,5797.6,300000,300000.0,None,3,3,none,0,0
33,7,5625.7,300000,300000.0,None,3,3,none,0,0
33,8,5581.0,300000,300000.0,None,3,3,none,0,0
33,9,3752.9,300000,300000.0,None,3,3,none,0,0
33,10,4996.6,300000,300000.0,None,3,3,none,0,0
33,11,2743.6,300000,300000.0,None,3,3,none,0,0
33,15,4259.3,300000,300000.0,None,3,3,none,0,0
33,16,5640.0,200000,200000.0,None,3,2,none,0,0
33,22,5336.4,200000,200000.0,None,3,2,none,0,0
33,24,2751.0,200000,200000.0,None,3,2,none,0,0
33,25,3403.7,300000,300000.0,None,3,3,none,0,0
33,26,1786.9,300000,300000.0,None,3,3,none,0,0
33,27,1855.6,300000,300000.0,None,3,3,none,0,0
33,28,1782.5,300000,300000.0,None,3,3,none,0,0
33,29,942.8,300000,300000.0,None,3,3,none,0,0
33,30,1251.7,300000,300000.0,None,3,3,none,0,0
33,31,629.5,300000,300000.0,None,3,3,none,0,0
33,32,801.4,300000,300000.0,None,3,3,none,0,0
33,34,1105.5,300000,300000.0,None,3,3,none,0,0
33,35,2210.2,300000,300000.0,None,3,3,none,0,0
33,36,2003.8,300000,300000.0,None,3,3,none,0,0
33,37,1259.0,300000,300000.0,None,3,3,none,0,0
33,38,728.5,300000,300000.0,None,3,3,none,0,0
33,39,1621.7,300000,300000.0,None,3,3,none,0,0
33,40,1251.3,300000,300000.0,None,3,3,none,0,0
33,41,1319.5,300000,300000.0,None,3,3,none,0,0
33,43,1732.5,300000,300000.0,None,3,3,none,0,0
33,44,2297.5,300000,300000.0,None,3,3,none,0,0
33,45,2863.7,300000,300000.0,None,3,3,none,0,0
33,46,4197.4,300000,300000.0,None,3,3,none,0,0
33,47,4013.8,300000,300000.0,None,3,3,none,0,0
34,1,4305.8,300000,300000.0,None,3,3,none,0,0
34,2,3944.3,300000,300000.0,None,3,3,none,0,0
34,3,4900.0,300000,300000.0,None,3,3,none,0,0
34,4,3497.6,300000,300000.0,None,3,3,none,0,0
34,5,4080.7,300000,300000.0,None,3,3,none,0,0
34,9,4834.4,300000,300000.0,None,3,3,none,0,0
34,11,3714.5,300000,300000.0,None,3,3,none,0,0
34,15,5018.3,300000,300000.0,None,3,3,none,0,0
34,22,5678.4,200000,200000.0,None,3,2,none,0,0
34,24,3084.5,200000,200000.0,None,3,2,none,0,0
34,25,4051.8,300000,300000.0,None,3,3,none,0,0
34,26,2108.0,300000,300000.0,None,3,3,none,0,0
34,27,1612.8,300000,300000.0,None,3,3,none,0,0
34,28,1889.1,300000,300000.0,None,3,3,none,0,0
34,29,1883.6,300000,300000.0,None,3,3,none,0,0
34,30,2356.0,300000,300000.0,None,3,3,none,0,0
34,31,1125.9,300000,300000.0,None,3,3,none,0,0
34,32,1169.6,300000,300000.0,None,3,3,none,0,0
34,33,1105.5,300000,300000.0,None,3,3,none,0,0
34,35,1132.5,300000,300000.0,None,3,3,none,0,0
34,36,901.0,300000,300000.0,None,3,3,none,0,0
34,37,202.8,300000,300000.0,None,3,3,none,0,0
34,38,1092.5,300000,300000.0,None,3,3,none,0,0
34,39,603.3,300000,300000.0,None,3,3,none,0,0
34,40,2265.5,300000,300000.0,None,3,3,none,0,0
34,41,1187.6,300000,300000.0,None,3,3,none,0,0
34,43,741.3,300000,300000.0,None,3,3,none,0,0
34,44,1310.7,300000,300000.0,None,3,3,none,0,0
34,45,2227.0,300000,300000.0,None,3,3,none,0,0
34,46,3526.8,300000,300000.0,None,3,3,none,0,0
34,47,4160.3,300000,300000.0,None,3,3,none,0,0
35,1,3657.5,300000,300000.0,None,3,3,none,0,0
35,2,3273.2,300000,300000.0,None,3,3,none,0,0
35,3,4100.6,300000,300000.0,None,3,3,none,0,0
35,4,2790.9,300000,300000.0,None,3,3,none,0,0
35,5,3412.2,300000,300000.0,None,3,3,none,0,0
35,9,5959.2,300000,300000.0,None,3,3,none,0,0
35,11,4605.2,300000,300000.0,None,3,3,none,0,0
35,15,5639.7,300000,300000.0,None,3,3,none,0,0
35,22,5836.5,200000,200000.0,None,3,2,none,0,0
35,24,3433.4,200000,200000.0,None,3,2,none,0,0
35,25,4609.0,300000,300000.0,None,3,3,none,0,0
35,26,2608.5,300000,300000.0,None,3,3,none,0,0
35,27,1755.3,300000,300000.0,None,3,3,none,0,0
35,28,2265.9,300000,300000.0,None,3,3,none,0,0
35,29,3014.7,300000,300000.0,None,3,3,none,0,0
35,30,3441.4,300000,300000.0,None,3,3,none,0,0
35,31,2037.4,300000,300000.0,None,3,3,none,0,0
35,32,1998.0,300000,300000.0,None,3,3,none,0,0
35,33,2210.2,300000,300000.0,None,3,3,none,0,0
35,34,1132.5,300000,300000.0,None,3,3,none,0,0
35,36,476.5,300000,300000.0,None,3,3,none,0,0
35,37,1052.6,300000,300000.0,None,3,3,none,0,0
35,38,2187.6,300000,300000.0,None,3,3,none,0,0
35,39,604.6,300000,300000.0,None,3,3,none,0,0
35,40,3254.2,300000,300000.0,None,3,3,none,0,0
35,41,2078.7,300000,300000.0,None,3,3,none,0,0
35,43,983.9,300000,300000.0,None,3,3,none,0,0
35,44,1114.5,300000,300000.0,None,3,3,none,0,0
35,45,1671.1,300000,300000.0,None,3,3,none,0,0
35,46,2758.7,300000,300000.0,None,3,3,none,0,0
35,47,4216.5,300000,300000.0,None,3,3,none,0,0
36,1,4125.6,300000,300000.0,None,3,3,none,0,0
36,2,3742.4,300000,300000.0,None,3,3,none,0,0
36,3,4577.1,300000,300000.0,None,3,3,none,0,0
36,4,3261.7,300000,300000.0,None,3,3,none,0,0
36,5,3881.5,300000,300000.0,None,3,3,none,0,0
36,9,5702.2,300000,300000.0,None,3,3,none,0,0
36,11,4576.1,300000,300000.0,None,3,3,none,0,0
36,15,5759.1,300000,300000.0,None,3,3,none,0,0
36,24,3646.6,200000,200000.0,None,3,2,none,0,0
36,25,4750.9,300000,300000.0,None,3,3,none,0,0
36,26,2747.5,300000,300000.0,None,3,3,none,0,0
36,27,1995.4,300000,300000.0,None,3,3,none,0,0
36,28,2443.4,300000,300000.0,None,3,3,none,0,0
36,29,2714.6,300000,300000.0,None,3,3,none,0,0
36,30,3255.4,300000,300000.0,None,3,3,none,0,0
36,31,1971.2,300000,300000.0,None,3,3,none,0,0
36,32,1973.4,300000,300000.0,None,3,3,none,0,0
36,33,2003.8,300000,300000.0,None,3,3,none,0,0
36,34,901.0,300000,300000.0,None,3,3,none,0,0
36,35,476.5,300000,300000.0,None,3,3,none,0,0
36,37,752.0,300000,300000.0,None,3,3,none,0,0
36,38,1843.4,300000,300000.0,None,3,3,none,0,0
36,39,629.9,300000,300000.0,None,3,3,none,0,0
36,40,3153.7,300000,300000.0,None,3,3,none,0,0
36,41,1648.3,300000,300000.0,None,3,3,none,0,0
36,43,519.7,300000,300000.0,None,3,3,none,0,0
36,44,694.9,300000,300000.0,None,3,3,none,0,0
36,45,2108.8,300000,300000.0,None,3,3,none,0,0
36,46,3233.6,300000,300000.0,None,3,3,none,0,0
36,47,4537.5,300000,300000.0,None,3,3,none,0,0
37,1,4383.8,300000,300000.0,None,3,3,none,0,0
37,2,4016.1,300000,300000.0,None,3,3,none,0,0
37,3,4949.1,300000,300000.0,None,3,3,none,0,0
37,4,3559.7,300000,300000.0,None,3,3,none,0,0
37,5,4153.7,300000,300000.0,None,3,3,none,0,0
37,9,4953.4,300000,300000.0,None,3,3,none,0,0
37,11,3906.1,300000,300000.0,None,3,3,none,0,0
37,15,5221.0,300000,300000.0,None,3,3,none,0,0
37,22,5864.1,200000,200000.0,None,3,2,none,0,0
37,24,3276.9,200000,200000.0,None,3,2,none,0,0
37,25,4254.0,300000,300000.0,None,3,3,none,0,0
37,26,2305.0,300000,300000.0,None,3,3,none,0,0
37,27,1772.3,300000,300000.0,None,3,3,none,0,0
37,28,2076.4,300000,300000.0,None,3,3,none,0,0
37,29,1976.0,300000,300000.0,None,3,3,none,0,0
37,30,2509.9,300000,300000.0,None,3,3,none,0,0
37,31,1325.4,300000,300000.0,None,3,3,none,0,0
37,32,1372.1,300000,300000.0,None,3,3,none,0,0
37,33,1259.0,300000,300000.0,None,3,3,none,0,0
37,34,202.8,300000,300000.0,None,3,3,none,0,0
37,35,1052.6,300000,300000.0,None,3,3,none,0,0
37,36,752.0,300000,300000.0,None,3,3,none,0,0
37,38,1135.1,300000,300000.0,None,3,3,none,0,0
37,39,610.6,300000,300000.0,None,3,3,none,0,0
37,40,2448.0,300000,300000.0,None,3,3,none,0,0
37,41,1118.5,300000,300000.0,None,3,3,none,0,0
37,43,538.9,300000,300000.0,None,3,3,none,0,0
37,44,1110.3,300000,300000.0,None,3,3,none,0,0
37,45,2301.8,300000,300000.0,None,3,3,none,0,0
37,46,3576.5,300000,300000.0,None,3,3,none,0,0
37,47,4333.8,300000,300000.0,None,3,3,none,0,0
38,1,5286.6,570416,20543.600000000002,PPL-2,3,3,C17,2,2
38,2,4942.3,570416,20543.600000000002,PPL-2,3,3,C17,2,2
38,3,5935.0,570416,20543.600000000002,PPL-2,3,3,C17,2,2
38,4,4518.6,570416,20543.600000000002,PPL-2,3,3,C17,2,2
38,5,5074.8,570416,20543.600000000002,PPL-2,3,3,C17,2,2
38,9,3898.6,570416,20543.600000000002,PPL-2,3,3,C17,2,2
38,10,5408.0,570416,20543.600000000002,PPL-2,3,3,C17,2,2
38,11,3354.8,570416,20543.600000000002,PPL-2,3,3,C17,2,2
38,15,4953.1,570416,20543.600000000002,PPL-2,3,3,C17,2,2
38,24,3465.4,570416,20543.600000000002,PPL-2,3,2,C17,2,2
38,25,4124.1,570416,20543.600000000002,PPL-2,3,3,C17,2,2
38,26,2486.0,570416,20543.600000000002,PPL-2,3,3,C17,2,2
38,27,2388.6,570416,20543.600000000002,PPL-2,3,3,C17,2,2
38,28,2431.0,570416,20543.600000000002,PPL-2,3,3,C17,2,2
38,29,901.2,570416,20543.600000000002,PPL-2,3,3,C17,2,2
38,30,1681.1,570416,20543.600000000002,PPL-2,3,3,C17,2,2
38,31,1296.7,570416,20543.600000000002,PPL-2,3,3,C17,2,2
38,32,1454.0,570416,20543.600000000002,PPL-2,3,3,C17,2,2
38,33,728.5,570416,20543.600000000002,PPL-2,3,3,C17,2,2
38,34,1092.5,570416,20543.600000000002,PPL-2,3,3,C17,2,2
38,35,2187.6,570416,20543.600000000002,PPL-2,3,3,C17,2,2
38,36,1843.4,570416,20543.600000000002,PPL-2,3,3,C17,2,2
38,37,1135.1,570416,20543.600000000002,PPL-2,3,3,C17,2,2
38,39,1695.8,570416,20543.600000000002,PPL-2,3,3,C17,2,2
38,40,1879.0,570416,20543.600000000002,PPL-2,3,3,C17,2,2
38,41,623.9,570416,20543.600000000002,PPL-2,3,3,C17,2,2
38,43,1419.7,570416,20543.600000000002,PPL-2,3,3,C17,2,2
38,44,1908.5,570416,20543.600000000002,PPL-2,3,3,C17,2,2
38,45,3240.8,570416,20543.600000000002,PPL-2,3,3,C17,2,2
38,46,4568.1,570416,20543.600000000002,PPL-2,3,3,C17,2,2
38,47,4706.9,570416,20543.600000000002,PPL-2,3,3,C17,2,2
39,1,3788.3,300000,300000.0,None,3,3,none,0,0
39,2,3416.7,300000,300000.0,None,3,3,none,0,0
39,3,4339.6,300000,300000.0,None,3,3,none,0,0
39,4,2955.3,300000,300000.0,None,3,3,none,0,0
39,5,3555.0,300000,300000.0,None,3,3,none,0,0
39,9,5374.6,300000,300000.0,None,3,3,none,0,0
39,11,4020.4,300000,300000.0,None,3,3,none,0,0
39,15,5138.1,300000,300000.0,None,3,3,none,0,0
39,22,5529.7,200000,200000.0,None,3,2,none,0,0
39,24,3018.7,200000,200000.0,None,3,2,none,0,0
39,25,4124.7,300000,300000.0,None,3,3,none,0,0
39,26,2119.5,300000,300000.0,None,3,3,none,0,0
39,27,1381.4,300000,300000.0,None,3,3,none,0,0
39,28,1813.8,300000,300000.0,None,3,3,none,0,0
39,29,2466.8,300000,300000.0,None,3,3,none,0,0
39,30,2841.5,300000,300000.0,None,3,3,none,0,0
39,31,1436.5,300000,300000.0,None,3,3,none,0,0
39,32,1407.0,300000,300000.0,None,3,3,none,0,0
39,33,1621.7,300000,300000.0,None,3,3,none,0,0
39,34,603.3,300000,300000.0,None,3,3,none,0,0
39,35,604.6,300000,300000.0,None,3,3,none,0,0
39,36,629.9,300000,300000.0,None,3,3,none,0,0
39,37,610.6,300000,300000.0,None,3,3,none,0,0
39,38,1695.8,300000,300000.0,None,3,3,none,0,0
39,40,2651.3,300000,300000.0,None,3,3,none,0,0
39,41,1728.4,300000,300000.0,None,3,3,none,0,0
39,43,866.6,300000,300000.0,None,3,3,none,0,0
39,44,1285.1,300000,300000.0,None,3,3,none,0,0
39,45,1709.8,300000,300000.0,None,3,3,none,0,0
39,46,2967.6,300000,300000.0,None,3,3,none,0,0
39,47,3945.6,300000,300000.0,None,3,3,none,0,0
40,1,4965.5,300000,300000.0,None,3,3,none,0,0
40,2,4721.3,300000,300000.0,None,3,3,none,0,0
40,3,5778.4,300000,300000.0,None,3,3,none,0,0
40,4,4440.6,300000,300000.0,None,3,3,none,0,0
40,5,4824.6,300000,300000.0,None,3,3,none,0,0
40,6,4569.4,300000,300000.0,None,3,3,none,0,0
40,7,4448.5,300000,300000.0,None,3,3,none,0,0
40,8,4330.6,300000,300000.0,None,3,3,none,0,0
40,9,2990.4,300000,300000.0,None,3,3,none,0,0
40,10,3842.2,300000,300000.0,None,3,3,none,0,0
40,11,1492.9,300000,300000.0,None,3,3,none,0,0
40,14,5398.9,300000,300000.0,None,3,3,none,0,0
40,15,3099.4,300000,300000.0,None,3,3,none,0,0
40,16,4506.5,200000,200000.0,None,3,2,none,0,0
40,20,5926.5,200000,200000.0,None,3,2,none,0,0
40,22,4504.5,200000,200000.0,None,3,2,none,0,0
40,23,5302.5,200000,200000.0,None,3,2,none,0,0
40,24,2168.2,200000,200000.0,None,3,2,none,0,0
40,25,2375.3,300000,300000.0,None,3,3,none,0,0
40,26,1519.6,300000,300000.0,None,3,3,none,0,0
40,27,2189.5,300000,300000.0,None,3,3,none,0,0
40,28,1779.8,300000,300000.0,None,3,3,none,0,0
40,29,1399.3,300000,300000.0,None,3,3,none,0,0
40,30,607.6,300000,300000.0,None,3,3,none,0,0
40,31,1218.5,300000,300000.0,None,3,3,none,0,0
40,32,1285.9,300000,300000.0,None,3,3,none,0,0
40,33,1251.3,300000,300000.0,None,3,3,none,0,0
40,34,2265.5,300000,300000.0,None,3,3,none,0,0
40,35,3254.2,300000,300000.0,None,3,3,none,0,0
40,36,3153.7,300000,300000.0,None,3,3,none,0,0
40,37,2448.0,300000,300000.0,None,3,3,none,0,0
40,38,1879.0,300000,300000.0,None,3,3,none,0,0
40,39,2651.3,300000,300000.0,None,3,3,none,0,0
40,41,2502.9,300000,300000.0,None,3,3,none,0,0
40,43,2957.4,300000,300000.0,None,3,3,none,0,0
40,44,3530.6,300000,300000.0,None,3,3,none,0,0
40,45,3346.9,300000,300000.0,None,3,3,none,0,0
40,46,4576.6,300000,300000.0,None,3,3,none,0,0
40,47,3476.4,300000,300000.0,None,3,3,none,0,0
41,1,5492.0,300000,300000.0,None,3,3,none,0,0
41,2,5128.3,300000,300000.0,None,3,3,none,0,0
41,4,4675.9,300000,300000.0,None,3,3,none,0,0
41,5,5265.2,300000,300000.0,None,3,3,none,0,0
41,9,4334.1,300000,300000.0,None,3,3,none,0,0
41,10,5965.0,300000,300000.0,None,3,3,none,0,0
41,11,3977.2,300000,300000.0,None,3,3,none,0,0
41,15,5570.5,300000,300000.0,None,3,3,none,0,0
41,24,3988.3,200000,200000.0,None,3,2,none,0,0
41,25,4722.4,300000,300000.0,None,3,3,none,0,0
41,26,2994.1,300000,300000.0,None,3,3,none,0,0
41,27,2733.2,300000,300000.0,None,3,3,none,0,0
41,28,2881.7,300000,300000.0,None,3,3,none,0,0
41,29,1414.5,300000,300000.0,None,3,3,none,0,0
41,30,2282.6,300000,300000.0,None,3,3,none,0,0
41,31,1811.7,300000,300000.0,None,3,3,none,0,0
41,32,1948.1,300000,300000.0,None,3,3,none,0,0
41,33,1319.5,300000,300000.0,None,3,3,none,0,0
41,34,1187.6,300000,300000.0,None,3,3,none,0,0
41,35,2078.7,300000,300000.0,None,3,3,none,0,0
41,36,1648.3,300000,300000.0,None,3,3,none,0,0
41,37,1118.5,300000,300000.0,None,3,3,none,0,0
41,38,623.9,300000,300000.0,None,3,3,none,0,0
41,39,1728.4,300000,300000.0,None,3,3,none,0,0
41,40,2502.9,300000,300000.0,None,3,3,none,0,0
41,43,1141.7,300000,300000.0,None,3,3,none,0,0
41,44,1492.7,300000,300000.0,None,3,3,none,0,0
41,45,3411.3,300000,300000.0,None,3,3,none,0,0
41,46,4694.9,300000,300000.0,None,3,3,none,0,0
41,47,5183.7,300000,300000.0,None,3,3,none,0,0
42,16,5721.6,1140832,41087.200000000004,PPL-1,3,2,C17,4,2
42,17,5071.5,1140832,41087.200000000004,PPL-1,3,3,C17,4,2
42,18,4173.7,1140832,41087.200000000004,PPL-1,3,3,C17,4,2
42,19,5060.2,1140832,41087.200000000004,PPL-1,3,3,C17,4,2
42,20,3662.6,1140832,41087.200000000004,PPL-1,3,2,C17,4,2
42,21,3856.2,1140832,41087.200000000004,PPL-1,3,2,C17,4,2
42,22,4987.9,1140832,41087.200000000004,PPL-1,3,2,C17,4,2
42,23,4528.3,1140832,41087.200000000004,PPL-1,3,2,C17,4,2
43,1,4589.3,300000,300000.0,None,3,3,none,0,0
43,2,4209.6,300000,300000.0,None,3,3,none,0,0
43,3,5074.1,300000,300000.0,None,3,3,none,0,0
43,4,3734.4,300000,300000.0,None,3,3,none,0,0
43,5,4348.8,300000,300000.0,None,3,3,none,0,0
43,9,5316.6,300000,300000.0,None,3,3,none,0,0
43,11,4429.1,300000,300000.0,None,3,3,none,0,0
43,15,5759.4,300000,300000.0,None,3,3,none,0,0
43,24,3782.0,200000,200000.0,None,3,2,none,0,0
43,25,4788.2,300000,300000.0,None,3,3,none,0,0
43,26,2824.4,300000,300000.0,None,3,3,none,0,0
43,27,2211.8,300000,300000.0,None,3,3,none,0,0
43,28,2573.3,300000,300000.0,None,3,3,none,0,0
43,29,2316.6,300000,300000.0,None,3,3,none,0,0
43,30,2965.4,300000,300000.0,None,3,3,none,0,0
43,31,1862.5,300000,300000.0,None,3,3,none,0,0
43,32,1910.9,300000,300000.0,None,3,3,none,0,0
43,33,1732.5,300000,300000.0,None,3,3,none,0,0
43,34,741.3,300000,300000.0,None,3,3,none,0,0
43,35,983.9,300000,300000.0,None,3,3,none,0,0
43,36,519.7,300000,300000.0,None,3,3,none,0,0
43,37,538.9,300000,300000.0,None,3,3,none,0,0
43,38,1419.7,300000,300000.0,None,3,3,none,0,0
43,39,866.6,300000,300000.0,None,3,3,none,0,0
43,40,2957.4,300000,300000.0,None,3,3,none,0,0
43,41,1141.7,300000,300000.0,None,3,3,none,0,0
43,44,576.4,300000,300000.0,None,3,3,none,0,0
43,45,2534.9,300000,300000.0,None,3,3,none,0,0
43,46,3719.3,300000,300000.0,None,3,3,none,0,0
43,47,4786.3,300000,300000.0,None,3,3,none,0,0
44,1,4757.3,300000,300000.0,None,3,3,none,0,0
44,2,4371.5,300000,300000.0,None,3,3,none,0,0
44,3,5148.1,300000,300000.0,None,3,3,none,0,0
44,4,3886.5,300000,300000.0,None,3,3,none,0,0
44,5,4509.9,300000,300000.0,None,3,3,none,0,0
44,9,5795.3,300000,300000.0,None,3,3,none,0,0
44,11,5005.1,300000,300000.0,None,3,3,none,0,0
44,24,4290.0,200000,200000.0,None,3,2,none,0,0
44,25,5338.7,300000,300000.0,None,3,3,none,0,0
44,26,3355.6,300000,300000.0,None,3,3,none,0,0
44,27,2666.5,300000,300000.0,None,3,3,none,0,0
44,28,3079.6,300000,300000.0,None,3,3,none,0,0
44,29,2808.4,300000,300000.0,None,3,3,none,0,0
44,30,3515.8,300000,300000.0,None,3,3,none,0,0
44,31,2435.7,300000,300000.0,None,3,3,none,0,0
44,32,2477.5,300000,300000.0,None,3,3,none,0,0
44,33,2297.5,300000,300000.0,None,3,3,none,0,0
44,34,1310.7,300000,300000.0,None,3,3,none,0,0
44,35,1114.5,300000,300000.0,None,3,3,none,0,0
44,36,694.9,300000,300000.0,None,3,3,none,0,0
44,37,1110.3,300000,300000.0,None,3,3,none,0,0
44,38,1908.5,300000,300000.0,None,3,3,none,0,0
44,39,1285.1,300000,300000.0,None,3,3,none,0,0
44,40,3530.6,300000,300000.0,None,3,3,none,0,0
44,41,1492.7,300000,300000.0,None,3,3,none,0,0
44,43,576.4,300000,300000.0,None,3,3,none,0,0
44,45,2783.6,300000,300000.0,None,3,3,none,0,0
44,46,3838.1,300000,300000.0,None,3,3,none,0,0
44,47,5224.3,300000,300000.0,None,3,3,none,0,0
45,1,2082.0,300000,300000.0,None,3,3,none,0,0
45,2,1717.3,300000,300000.0,None,3,3,none,0,0
45,3,2694.8,300000,300000.0,None,3,3,none,0,0
45,4,1278.1,300000,300000.0,None,3,3,none,0,0
45,5,1854.0,300000,300000.0,None,3,3,none,0,0
45,11,4268.7,300000,300000.0,None,3,3,none,0,0
45,15,4719.2,300000,300000.0,None,3,3,none,0,0
45,16,5652.8,200000,200000.0,None,3,2,none,0,0
45,20,5646.5,200000,200000.0,None,3,2,none,0,0
45,22,4377.5,200000,200000.0,None,3,2,none,0,0
45,23,5642.3,200000,200000.0,None,3,2,none,0,0
45,24,2391.8,200000,200000.0,None,3,2,none,0,0
45,25,3687.4,300000,300000.0,None,3,3,none,0,0
45,26,2017.5,300000,300000.0,None,3,3,none,0,0
45,27,1157.8,300000,300000.0,None,3,3,none,0,0
45,28,1647.3,300000,300000.0,None,3,3,none,0,0
45,29,3806.4,300000,300000.0,None,3,3,none,0,0
45,30,3791.7,300000,300000.0,None,3,3,none,0,0
45,31,2337.4,300000,300000.0,None,3,3,none,0,0
45,32,2188.3,300000,300000.0,None,3,3,none,0,0
45,33,2863.7,300000,300000.0,None,3,3,none,0,0
45,34,2227.0,300000,300000.0,None,3,3,none,0,0
45,35,1671.1,300000,300000.0,None,3,3,none,0,0
45,36,2108.8,300000,300000.0,None,3,3,none,0,0
45,37,2301.8,300000,300000.0,None,3,3,none,0,0
45,38,3240.8,300000,300000.0,None,3,3,none,0,0
45,39,1709.8,300000,300000.0,None,3,3,none,0,0
45,40,3346.9,300000,300000.0,None,3,3,none,0,0
45,41,3411.3,300000,300000.0,None,3,3,none,0,0
45,43,2534.9,300000,300000.0,None,3,3,none,0,0
45,44,2783.6,300000,300000.0,None,3,3,none,0,0
45,46,1336.5,300000,300000.0,None,3,3,none,0,0
45,47,2752.0,300000,300000.0,None,3,3,none,0,0
46,1,960.5,1140832,41087.200000000004,PPL-1,3,3,C17,4,2
46,2,589.5,1140832,41087.200000000004,PPL-1,3,3,C17,4,2
46,3,1373.4,1140832,41087.200000000004,PPL-1,3,3,C17,4,2
46,4,214.4,1140832,41087.200000000004,PPL-1,3,3,C17,4,2
46,5,713.1,1140832,41087.200000000004,PPL-1,3,3,C17,4,2
46,11,5276.2,1140832,41087.200000000004,PPL-1,3,3,C17,4,2
46,15,5293.7,1140832,41087.200000000004,PPL-1,3,3,C17,4,2
46,16,5915.2,1140832,41087.200000000004,PPL-1,3,2,C17,4,2
46,20,5316.3,1140832,41087.200000000004,PPL-1,3,2,C17,4,2
46,21,5888.8,1140832,41087.200000000004,PPL-1,3,2,C17,4,2
46,22,4316.8,1140832,41087.200000000004,PPL-1,3,2,C17,4,2
46,23,5575.3,1140832,41087.200000000004,PPL-1,3,2,C17,4,2
46,24,3131.8,1140832,41087.200000000004,PPL-1,3,2,C17,4,2
46,25,4352.7,1140832,41087.200000000004,PPL-1,3,3,C17,4,2
46,26,3121.4,1140832,41087.200000000004,PPL-1,3,3,C17,4,2
46,27,2420.7,1140832,41087.200000000004,PPL-1,3,3,C17,4,2
46,28,2803.6,1140832,41087.200000000004,PPL-1,3,3,C17,4,2
46,29,5140.1,1140832,41087.200000000004,PPL-1,3,3,C17,4,2
46,30,5067.7,1140832,41087.200000000004,PPL-1,3,3,C17,4,2
46,31,3654.1,1140832,41087.200000000004,PPL-1,3,3,C17,4,2
46,32,3497.6,1140832,41087.200000000004,PPL-1,3,3,C17,4,2
46,33,4197.4,1140832,41087.200000000004,PPL-1,3,3,C17,4,2
46,34,3526.8,1140832,41087.200000000004,PPL-1,3,3,C17,4,2
46,35,2758.7,1140832,41087.200000000004,PPL-1,3,3,C17,4,2
46,36,3233.6,1140832,41087.200000000004,PPL-1,3,3,C17,4,2
46,37,3576.5,1140832,41087.200000000004,PPL-1,3,3,C17,4,2
46,38,4568.1,1140832,41087.200000000004,PPL-1,3,3,C17,4,2
46,39,2967.6,1140832,41087.200000000004,PPL-1,3,3,C17,4,2
46,40,4576.6,1140832,41087.200000000004,PPL-1,3,3,C17,4,2
46,41,4694.9,1140832,41087.200000000004,PPL-1,3,3,C17,4,2
46,43,3719.3,1140832,41087.200000000004,PPL-1,3,3,C17,4,2
46,44,3838.1,1140832,41087.200000000004,PPL-1,3,3,C17,4,2
46,45,1336.5,1140832,41087.200000000004,PPL-1,3,3,C17,4,2
46,47,2879.2,1140832,41087.200000000004,PPL-1,3,3,C17,4,2
47,1,2491.3,1140832,41087.200000000004,PPL-1,3,3,C17,4,2
47,2,2533.0,1140832,41087.200000000004,PPL-1,3,3,C17,4,2
47,3,3299.3,1140832,41087.200000000004,PPL-1,3,3,C17,4,2
47,4,2665.0,1140832,41087.200000000004,PPL-1,3,3,C17,4,2
47,5,2535.0,1140832,41087.200000000004,PPL-1,3,3,C17,4,2
47,6,5280.0,1140832,41087.200000000004,PPL-1,3,3,C17,4,2
47,7,5673.7,1140832,41087.200000000004,PPL-1,3,3,C17,4,2
47,8,4613.0,1140832,41087.200000000004,PPL-1,3,3,C17,4,2
47,9,5895.4,1140832,41087.200000000004,PPL-1,3,3,C17,4,2
47,10,5393.4,1140832,41087.200000000004,PPL-1,3,3,C17,4,2
47,11,3252.6,1140832,41087.200000000004,PPL-1,3,3,C17,4,2
47,14,4604.6,1140832,41087.200000000004,PPL-1,3,3,C17,4,2
47,15,2544.9,1140832,41087.200000000004,PPL-1,3,3,C17,4,2
47,16,3039.7,1140832,41087.200000000004,PPL-1,3,2,C17,4,2
47,17,5084.5,1140832,41087.200000000004,PPL-1,3,3,C17,4,2
47,18,5660.4,1140832,41087.200000000004,PPL-1,3,3,C17,4,2
47,19,5810.1,1140832,41087.200000000004,PPL-1,3,3,C17,4,2
47,20,2991.5,1140832,41087.200000000004,PPL-1,3,2,C17,4,2
47,21,3385.8,1140832,41087.200000000004,PPL-1,3,2,C17,4,2
47,22,1631.9,1140832,41087.200000000004,PPL-1,3,2,C17,4,2
47,23,2890.4,1140832,41087.200000000004,PPL-1,3,2,C17,4,2
47,24,1315.2,1140832,41087.200000000004,PPL-1,3,2,C17,4,2
47,25,1831.0,1140832,41087.200000000004,PPL-1,3,3,C17,4,2
47,26,2226.8,1140832,41087.200000000004,PPL-1,3,3,C17,4,2
47,27,2574.5,1140832,41087.200000000004,PPL-1,3,3,C17,4,2
47,28,2303.3,1140832,41087.200000000004,PPL-1,3,3,C17,4,2
47,29,4724.3,1140832,41087.200000000004,PPL-1,3,3,C17,4,2
47,30,4083.0,1140832,41087.200000000004,PPL-1,3,3,C17,4,2
47,31,3410.3,1140832,41087.200000000004,PPL-1,3,3,C17,4,2
47,32,3254.7,1140832,41087.200000000004,PPL-1,3,3,C17,4,2
47,33,4013.8,1140832,41087.200000000004,PPL-1,3,3,C17,4,2
47,34,4160.3,1140832,41087.200000000004,PPL-1,3,3,C17,4,2
47,35,4216.5,1140832,41087.200000000004,PPL-1,3,3,C17,4,2
47,36,4537.5,1140832,41087.200000000004,PPL-1,3,3,C17,4,2
47,37,4333.8,1140832,41087.200000000004,PPL-1,3,3,C17,4,2
47,38,4706.9,1140832,41087.200000000004,PPL-1,3,3,C17,4,2
47,39,3945.6,1140832,41087.200000000004,PPL-1,3,3,C17,4,2
47,40,3476.4,1140832,41087.200000000004,PPL-1,3,3,C17,4,2
47,41,5183.7,1140832,41087.200000000004,PPL-1,3,3,C17,4,2
47,43,4786.3,1140832,41087.200000000004,PPL-1,3,3,C17,4,2
47,44,5224.3,1140832,41087.200000000004,PPL-1,3,3,C17,4,2
47,45,2752.0,1140832,41087.200000000004,PPL-1,3,3,C17,4,2
47,46,2879.2,1140832,41087.200000000004,PPL-1,3,3,C17,4,2
